country,tert_b_grad_rate,tert_a_grad_rate,year,education_spending,ancillary_spending,rd_spending,total_spending,partner_country,tert_percent_gdp,tert_a_percent_gdp,tert_b_percent_gdp,all_ed_percent_gdp,population,gdp_usd,gdp_usd_capita
Australia,NA,0.49,2003,7903.59788236719,741.21765747135,3760.80558303109,12405.6211228696,0,0.0154698593318277,0.0139117324645955,0.0015581268672322701,0.0576514343489925,19720737,637698306000,32336.494452
Austria,NA,0.19008216837167702,2003,8045.22248467734,70.8302320843759,4228.14297687541,12344.1956936371,0,0.011395786555814,0.0106629292763738,7.32857279440274e-4,0.0549313309365197,8118245,260788036000,32123.696189
Belgium,NA,NA,2003,7721.71915814163,417.04836723464,3685.61630835716,11824.3838337334,0,0.013027118126564,NA,NA,0.0612855340186063,10376130,320632747000,30901.382717
Canada,NA,NA,2003,15689.4899668948,1247.8981578332,3054.4947037625,19991.8828284905,0,0.023718651950326103,0.0144670416795623,0.00925161027076371,0.059326119449956,31644028,1023165602000,32333.608155
Czech Republic,0.03632895168261349,0.16956091745401503,2003,5479.26800163779,219.161802993961,1075.79514326783,6774.22494789958,0,0.010700791107852301,0.0101370499764651,5.63741131387133e-4,0.047191213025519006,10201651,198965796000,19503.293709
Denmark,0.0967433100525779,0.4222053401479144,2003,10190.3707749408,NA,3823.67387709942,14014.0446520402,0,0.0175006473399144,NA,NA,0.0701459671258322,5387174,165968360000,30791.903459
Finland,0.0158239317689336,0.48730079065572424,2003,7505.99964172561,NA,4540.45423235266,12046.9265277472,0,0.0177432360974967,0.017733972363781002,NA,0.061306327387073,5213010,151289787000,29021.635677
France,0.18644202088866302,0.2670816864313239,2003,6708.22497498233,621.352193512135,3374.49080907079,10704.0679775653,0,0.0136923311792033,0.010811129643975499,0.0028812015352277197,0.06312513720908519,62037544,1751797978000,28148.115653
Germany,0.0999449027419138,0.19507606973519337,2003,6718.3782337706,563.984892903777,4311.43059747471,11593.7937241491,0,0.011410823036350898,0.0105417654801763,8.690233507571971e-4,0.052803257723565304,82534175,2465900620000,30238.269264
Greece,NA,NA,2003,3302,455.253069396086,1166.76669622516,4924,0,0.013000000000000001,0.01,0.00219,0.042,10928072,260874534000,23871.921816
Hungary,0.023,0.35200000000000004,2003,5993.92405500486,891.459100623947,1690.83855742007,8576.22171304888,0,0.0133530551095214,0.0126733519248624,6.79703184659007e-4,0.0610798321229108,10129554,156657223000,15465.365352
Iceland,0.0696838003896299,0.4313888451314044,2003,5808.80201883865,NA,2214.22988194957,8023.03190078822,0,0.011564816883953,0.011564816883953,NA,0.0795071612090406,289522,9457361000,32690.496031
Italy,0.011039989091818102,0.2671451983887021,2003,5375.16908494661,282.726856080242,3105.86475347453,8763.76069450138,0,0.009271320435671429,0.00913963578115002,NA,0.05052238232361549,57399187,1671645374000,29123.14761
Japan,0.264172255095332,0.34210149867119616,2003,NA,NA,NA,11555.5006999904,0,0.0125919302357793,0.010449381110272899,0.00214254912550647,0.0476815828982218,127619000,3755614102000,29424.871918
Mexico,NA,NA,2003,4998.04882449202,NA,775.977149956312,5774.02597444834,0,0.013286821527000801,NA,NA,0.0677625521899826,102890474,1183622677000,11302.737554
Netherlands,NA,NA,2003,8335.30996188735,2.58554781866751,5106.49441724807,13444.3899269541,0,0.0125533904049579,0.0125533904049579,NA,0.0498848182409563,16225303,553516941000,34115.065703
New Zealand,NA,NA,2003,NA,NA,NA,8832.25583946945,0,0.0151672200754175,0.0126015950224457,0.00256562505297181,0.0683826430238822,4027199.9999999995,96497421000,23856.565373
Norway,0.0453064144344647,0.39793749887086344,2003,9104.72296763116,205.39789208278,4462.25432159318,13772.3751813071,0,0.0151787384770524,NA,NA,0.0655651357702101,4564856,175993115000,38552.708652
Poland,NA,0.44140040553404397,2003,3956.98281110123,3.34575286827056,628.306317859639,4588.63488182914,0,0.014991243338016,NA,NA,0.0644170536973827,38195177,468991594000,12278.87403
Portugal,NA,NA,2003,NA,NA,NA,7199.93732460771,0,0.0113434033682985,NA,NA,0.0592070822627978,10458821,217853063000,20829.642284
Slovak Republic,0.023848855145554602,0.25233979088243197,2003,3871.6893244773,426.820537477595,379.573739772639,4678.08360172754,0,0.00930190160473395,0.00930190160473395,NA,0.0472541225578507,5378950,76121872000,14150.806452
Spain,0.156996658431612,0.321,2003,6563.40420313563,NA,2379.31835620145,8942.72255933708,0,0.0119154724232913,0.0101091768624688,0.0018062955608225,0.0470687937992441,42196231,1055547963000,25015.219073
Sweden,0.0395654073356507,0.35363369312979254,2003,8277.91487795569,NA,7794.89329777196,16072.8081757276,0,0.0178729639958803,NA,NA,0.0674260890708474,8958232,284711106000,31782.177947
Switzerland,0.186746553545842,0.21550568894731006,2003,14335.148653689,NA,11564.9327076562,25900.0813613452,0,0.016040000000000002,0.015600000000000001,NA,0.0653723174128215,7339002,284759572000,38511.974614
Turkey,NA,0.10516609339349593,2003,4248,NA,NA,NA,0,0.011070289227352502,NA,NA,0.0370657951721328,66794551,640401152000,9587.561223
United Kingdom,0.1377764352518,0.381917987940309,2003,9130.22495272441,NA,2735.37717977499,11865.6021324994,0,0.0113953466987572,NA,NA,0.0608839023141025,59636662,1808753062000,30329.377106
United States,0.0882466593870075,0.3291081105501238,2003,19537.5896359396,2028.4554561898,2507.81401325779,24073.8591053872,0,0.0285005410556117,NA,NA,0.0746279054969491,290107933,11456450000000,39419.907372
Israel,NA,0.312,2003,NA,NA,NA,11945,1,0.0196403693008625,0.0154932834408964,0.0041470858599661,0.084740061804957,6689700,159439250000,23747.635506
Australia,NA,0.46425340997135045,2004,9542.63894563451,707.290194846647,3785.71532377878,14035.6444642599,0,0.0162754360807917,0.014859883397326402,0.00141555268346525,0.0588786898236809,19932722,676662202000,33947.342915
Austria,0.071,0.1962854654146446,2004,9493.31115292866,101.995652540919,4363.88540207228,13959.1922075419,0,0.012191131698502899,0.0115194372961754,6.71694402327552e-4,0.0543750608253676,8169441.000000001,275769770000,33756.259412
Belgium,NA,NA,2004,7595.53871350401,324.28862209423,3921.73640011123,11841.5637357095,0,0.0124130496248123,NA,NA,0.0608862519393792,10421133,333856905000,32036.935514
Canada,NA,NA,2004,NA,NA,NA,NA,0,NA,NA,NA,NA,31940655,1083146524000,33911.218288
Czech Republic,0.048709167544784,0.1973402072470963,2004,5489.57297119841,221.654233180937,1040.87629770778,6752.10350208712,0,0.010699373620130499,0.0101770188345451,5.22354785585352e-4,0.0485010751296268,10206923,213269646000,20894.60712
Denmark,0.112388497085628,0.452998740868675,2004,11387.314068805,NA,3837.81494192834,15225.1290107333,0,0.018097061970544698,NA,NA,0.0717619316981415,5401177,177870417000,32920.676921
Finland,0.00815706105003349,0.47805153321665483,2004,7696.29856879887,NA,4807.52293550669,12504.7638523309,0,0.0178019699347918,0.017794495151405,NA,0.0607988585784174,5228173,162992940000,31175.727708
France,0.19314725503705302,0.26043572286429717,2004,6769.97985842799,601.658676700463,3296.21585255039,10667.8543876788,0,0.0134574628395077,0.010563706284433,0.00289375655507468,0.0614228279345638,62490800,1820723319000,29040.965294
Germany,0.10169970505103301,0.20622167790259824,2004,7132.25156091653,591.354186254361,4531.33189946899,12254.9376466399,0,0.0111373324660459,0.0103125750068727,8.2475745917325e-4,0.0517280957624722,82516268,2583409013000,31715.392519
Greece,NA,NA,2004,4072.28230789786,448.459195380294,1071.95938368676,5592.70088696492,0,0.011202201950497299,0.00943825391669212,0.00176394803380518,0.0343465078560435,10955142,278691884000,25439.31884
Hungary,0.0345280206456206,0.288336060373326,2004,5312.50243410542,294.499205048936,1488.22757305887,7095.22921221323,0,0.0108139254946485,0.0103570906038175,NA,0.0557034222782963,10107140,164327258000,16258.522242
Iceland,0.052835820895522405,0.5,2004,NA,NA,NA,8880.76610577091,0,0.0120503828307756,NA,NA,0.079732883596848,292077,10393946000,35522.714459
Italy,0.004903580176809,0.36828549728363397,2004,4497.96818410291,313.774638892189,2911.51072235278,7723.25354534788,0,0.00943697431447165,0.00932314552077173,NA,0.0486133965588576,57828178,1703460096000,29457.256087
Japan,0.26458049738219896,0.36089637305699496,2004,NA,NA,NA,12192.7351443709,0,0.0129895482143701,0.0109015297662578,0.00208801844811227,0.047521791810766094,127687000,3940077560000,30845.95769
Mexico,NA,NA,2004,4834.04047193801,NA,944.30352129605,5778.34399323406,0,0.0128350293989639,NA,NA,0.06382388688692439,104272444,1263142485000,11921.837103
Netherlands,NA,0.40159026680078597,2004,8633.8921865178,2.66624055525898,5209.83404497604,13846.3924720491,0,0.012721897574368599,0.012721897574368599,NA,0.050710058507228706,16281777.000000002,582563820000,35779.622867
New Zealand,0.210259849119866,0.48440363048404017,2004,8239.68081318217,NA,626.608321699131,8866.2891348813,0,0.014366944910338998,0.0121213592651479,0.0022455856451911,0.0688326858102192,4087500.0000000005,102514645000,24995.646468
Norway,0.0298321595956126,0.45426656251248404,2004,10264.768987336,183.863997964211,4548.11568033517,14996.7486656353,0,0.01439,NA,NA,0.062212736315278495,4591909,195223614000,42513.853145
Poland,0.002,0.44825531622272197,2004,3891.16841460387,1.85967660417193,519.228011873291,4412.25610308134,0,0.0154780585084752,0.015354652190462099,NA,0.0596512307557173,38180249,509450660000,13343.390787
Portugal,0.0829681506054525,0.3282031543071938,2004,NA,NA,NA,7740.72825271955,0,0.0101324733007662,0.0070545795554576695,0.0030778937453085097,0.0543202313178545,10483861,224984020000,21459.954835
Slovak Republic,0.0312869144743379,0.27708644347093,2004,4780.52871118886,1159.59745520198,594.440505412687,6534.56667180353,0,0.010982193183472499,0.010982193183472499,NA,0.0476113782878424,5382574,81732325000,15185.209483
Spain,0.171952778316078,0.326,2004,6853.08577400521,NA,2524.58517161418,9377.67094561939,0,0.0118291001373636,NA,NA,0.0474342285378274,42859172,1121204316000,26160.194832
Sweden,0.0430705469132458,0.3736044032191619,2004,8354.86372751954,NA,7863.31216714646,16218.175894666,0,0.0175536128645924,NA,NA,0.0668071184410789,8993534,304256148000,33830.671978
Switzerland,0.108524813539163,0.25931460303456844,2004,12515.018480501929,NA,9451.067230715673,21966.0857112176,0,0.016,0.016,NA,0.0624758188489995,7389626,297823895000,40011.303647
Turkey,NA,0.10758407079646,2004,4169.5429147395,NA,NA,NA,0,0.0101275723286171,NA,NA,0.0412206868202214,67598736,735155229000,10875.238229
United Kingdom,0.162542202548144,0.39320238362206617,2004,8791.65706849941,NA,2692.62512484756,11484.282193347,0,0.0111618242471371,NA,NA,0.0591657696362389,59950364,1921522812000,32052.09027
United States,0.0930340117038077,0.3360333800474361,2004,17737.6756553871,2103.97949592922,2634.0490418122,22475.7041931285,0,0.0291457650790203,NA,NA,0.0739841290203414,292805298,12217196000000,41659.662691
Brazil,NA,NA,2004,8903,NA,116,9019.373669975334,1,0.00666,0.00666,NA,0.03868,182865043,1922011090000,10510.544053
Chile,NA,NA,2004,NA,NA,NA,6872.55258390222,1,0.020479615528896197,0.0160018900467482,0.00447772548214801,0.06402367040498741,16022133,189179005000,11757.51176
Israel,NA,0.3182490322059229,2004,8658,113,2517,11289,1,0.0192936881530816,0.0154134543917688,0.00388023376131279,0.08336673127650579,6809000,171760602000,25123.779361
Russian Federation,NA,NA,2004,NA,NA,NA,2561.61400851585,1,0.006500000000000001,0.00515,0.00135,0.03552,143821218,1582506988000,10984.496611
Australia,NA,0.593710512282712,2005,9544.3859780562,654.301944258027,4380.56111067764,14579.2490329919,0,0.016160580435524,0.0148122478387747,0.0013483325967493102,0.0580642791108791,20176844,719149954000,35642.418706
Austria,0.0764390263147512,0.20378303728666,2005,9952.05791845134,108.665069011592,4714.33303229733,14775.0560197603,0,0.0129607065177516,0.0122651803692985,6.95526148453104e-4,0.0551048351608038,8225277.999999999,288086722000,35024.557484
Belgium,NA,NA,2005,7724.60136098138,321.18985586928,3914.55397788996,11960.3451947406,0,0.0123803694868041,NA,NA,0.060307503759945605,10478617,347658439000,33176.680884
Canada,NA,NA,2005,13463.415918792023,1526.7821369959631,5165.532274441938,20156,0,0.0256444303707986,0.0157651686949179,0.00987926167588071,0.0619798350478326,32243752.999999996,1171340162000,36327.662059
Czech Republic,0.057011924372767205,0.249245829181157,2005,5234.23508519428,175.221230733531,1239.14831362744,6648.60462955525,0,0.01042034700685,0.00996013015936556,NA,0.0464656015519516,10234092,225620781000,22045.99888
Denmark,0.101072495380803,0.45507493952232203,2005,NA,NA,NA,14958.8749401006,0,0.016946729032008702,NA,NA,0.073806321787335,5415978,185074466000,34152.881663
Finland,0.0018616340400197,0.473488343192644,2005,7574.986886454415,7.46778536697478,4702.54532817861,12285,0,0.0173188196898701,0.0173188196898701,NA,0.0598172431083225,5246100,168146753000,32051.762889
France,NA,NA,2005,7014.93396410311,657.919503622628,3322.57630561148,10995.4297733372,0,0.0133194134072521,0.0105200413755929,0.0027993720316592,0.0601496809224638,62958328,1926880385000,30504.058784
Germany,0.10672823286833,0.19884701832056698,2005,7157.75313032798,613.962579704093,4674.24201776455,12445.9577277966,0,0.010938561007054499,0.010078328331217901,8.60232675836643e-4,0.0509990207591338,82469421,2622039802000,32236.740986
Greece,0.121945440544592,0.249266466910659,2005,4458.62318990686,469.546319181473,1202.32655992872,6130.49606901705,0,0.0146349747940426,0.011729303846099598,0.00290567094794294,0.042056131753747304,10987316,281028396000,25577.445437
Hungary,0.037231253277399096,0.361770875104106,2005,4589.73393383347,247.116870260698,1407.44859455351,6244.29939864767,0,0.0110641960566659,0.0106045857072559,NA,0.05611118828653319,10087064,172611896000,17112.202187
Iceland,0.0354120727212374,0.563091219257939,2005,NA,NA,NA,9474.26454988431,0,0.012299797358811999,NA,NA,0.0795629293888459,296734,11074926000,37427.934965
Italy,NA,0.409585617602022,2005,5011.13514103282,303.349335687985,2711.86754390005,8026.35202062086,0,0.00928264088255749,0.009189896014560231,NA,0.0470566684176998,58166684,1746658110000,30028.488979
Japan,0.270042468480425,0.360903198294243,2005,NA,NA,NA,12326.051092759,0,0.0141205999696051,0.011585982917747699,0.0025346170518573603,0.0492397985481578,127767994,4110440486000,32174.400107
Mexico,NA,NA,2005,5346.19898097731,NA,1056.06674401202,6402.26572498933,0,0.013127162501547501,NA,NA,0.0653976005686871,105669369,1341775456000,12539.95753
Netherlands,NA,0.42120618388472403,2005,8717.13843640595,1.76671389027535,5164.01081792803,13882.9159682243,0,0.0127837345242095,0.0127837345242095,NA,0.050238610196399,16319871,614044120000,37625.252435
New Zealand,0.212394987689856,0.512561237367107,2005,8864.38262039244,NA,1397.32723636353,10261.709856756,0,0.0149657089957224,0.012402617633914299,0.0025630913618080796,0.0667971142182213,4133899.9999999995,106147849000,25590.127446
Norway,0.0170810347455037,0.40686794958739,2005,9897.39988655498,83.5435535280674,5571.38728707742,15552.3307271605,0,0.013049999999999999,NA,NA,0.0570808895028874,4623293,220981899000,47800.540634
Poland,0.0013358960924677499,0.45066822944659696,2005,4881.274885463093,1.37149588960941,710.0718277880721,5592.71820914077,0,0.015821588891306998,0.015690194874006202,NA,0.0593182969220036,38161313,530377339000.00006,13898.413011
Portugal,0.08610847651272441,0.32287344542812,2005,6784.980179927,NA,2002.34669147346,8787.32687140046,0,0.013504210311204,NA,NA,0.057186057994379605,10503330,238691186000,22725.351606
Slovak Republic,0.0229511684945472,0.301172167687534,2005,4273.34421260712,857.684850401081,652.385501397819,5783.41456440602,0,0.00923455219147717,0.00923455219147717,NA,0.044357132029710505,5387285,89400317000,16595.261602
Spain,0.17164402827267503,0.326966495753282,2005,7182.31247360681,NA,2906.72433803037,10089.0368116372,0,0.0111517243656778,NA,NA,0.0463227431339094,43662613,1205129038000,27600.937175
Sweden,0.045203419632062404,0.377236331615418,2005,8280.67667158013,NA,7665.60929494655,15946.2859665267,0,0.0164133169641323,NA,NA,0.06378540942623219,9029567,309212867000,34244.359285
Turkey,NA,0.11180946481665,2005,NA,NA,NA,NA,0,NA,NA,NA,NA,68435380,815102371000,11910.606724
United Kingdom,0.17357777547525502,0.394329958277853,2005,7792.71928349901,1048.97050645475,4664.78694579245,13506.4767357462,0,0.013471575545075,NA,NA,0.062494752305476,60413276,1977979631000,32740.960237
United States,0.0987185677491752,0.341731890107406,2005,18655.9576192109,2932.0898008372,2782.05216162886,24370.0995816769,0,0.0290138084573697,NA,NA,0.0713165840103427,295516599,13039197000000,44052.382996
Brazil,NA,NA,2005,9808.42341293321,NA,185.632351159003,9994.05576409222,1,0.00756,NA,NA,0.04354,184991143,2045343057000,11056.437748
Chile,NA,NA,2005,NA,NA,NA,6620.17834176454,1,0.017874340062734098,0.0139509134935904,0.00392342656914365,0.056922652434901605,16183489.000000002,206274403000,12667.853587
Estonia,NA,NA,2005,3866.63912681957,NA,1.91988040060555,3868.55900722018,1,0.011488551359241,0.00854086845466156,0.00295,0.0499737730341179,1354775,22536556000,16584.411085
Israel,NA,0.348233205939399,2005,7252.36125700215,1223.89099318895,2442.89033572567,10919.1425859168,1,0.0188108053041751,0.015138292272951099,0.003672513031224,0.0799225767016996,6930128,172238932000,24742.795915
Russian Federation,NA,NA,2005,NA,NA,265.845592325156,3420.8774380903,1,0.007940000000000001,0.00644,0.0015,0.0377,143113885,1822444794000,12698.299229
Slovenia,0.23604425104479,0.17848427759473398,2005,7015.98857767596,21.4346196204535,1535.59683511825,8573.02003241466,1,0.0130517862329879,NA,NA,0.0615630176178064,2001113.9999999998,47716594000,23848.602419
Australia,NA,0.590574274729408,2006,9321.41109618896,660.990787998887,5033.74432070752,15016.1462048954,0,0.0163214844781107,0.0149511618115143,0.00137032266659641,0.0570547557394627,20450966,774702195000,37880.895567
Austria,0.07448120595144869,0.214881978054905,2006,10453.6685900051,87.6458312824917,4606.40491853969,15147.7193398273,0,0.0131292295390262,0.012455641763449501,6.735877755767331e-4,0.0551130877469395,8267948.000000001,310998391000,37614.942761
Belgium,NA,NA,2006,8152.8139405609,343.043564999331,4747.79400771278,13243.651513273,0,0.012935924257273398,NA,NA,0.060877162772329706,10547956,371415055000,35211.893732
Canada,NA,0.34686839321997703,2006,15857.623856763894,1517.4815537714333,5434.484309893957,22809.58972042928,0,0.0274582223063603,0.017114998874240398,0.0103432234321199,0.0648291531523081,32571174,1241194165000,38107.136242
Czech Republic,0.0567325288139463,0.290007103499486,2006,6375.85658694084,88.3218583109388,1524.34082800481,7988.51927325659,0,0.0120469878176737,0.0116051164899575,NA,0.0479855655573599,10266646,244624887000,23827.147382
Denmark,0.09981606023262289,0.44574530897291503,2006,NA,NA,NA,15390.7243874489,0,0.0165574504078336,NA,NA,0.0725457975010932,5434567,202725721000,37286.319861
Finland,6.591152899219591e-4,0.475152185260731,2006,7950.55769044592,NA,4894.37653096584,12844.9342214118,0,0.0169562213445331,0.0169562213445331,NA,0.0584189247431239,5266266,181207156000,34408.817577
France,NA,NA,2006,7348.79523503883,667.2782004736,3552.03400133632,11568.1074368487,0,0.013286807689456299,0.010529184016040201,0.00275762367341609,0.059201908532516896,63393406,2062931189000,32431.435631
Germany,0.107589024520543,0.212302428630597,2006,7338.6600980365,657.705189468076,5019.51247931351,13015.8777668181,0,0.0106873684268441,0.00985152620788762,8.35842218956461e-4,0.047839309746349104,82376447,2810242832000,34620.413592
Greece,0.122191945895891,0.203752371298799,2006,NA,NA,NA,NA,0,NA,NA,NA,NA,11020366,314201080000,28510.877946
Hungary,0.0404410627571062,0.303324859179503,2006,4578.7974407195,264.203823889395,1523.87432100043,6366.87558560933,0,0.0112977609142879,0.0108526950574903,NA,0.056428388962501304,10071374,184958829000,18364.813245
Iceland,0.0405577441186988,0.628232861592837,2006,NA,NA,NA,8578.66040045008,0,0.0114350383374511,NA,NA,0.0797998178411138,303784,12044114000,39579.737256
Italy,NA,0.394218224232823,2006,5537.01037027444,256.131994982069,2931.63837979554,8724.78074505205,0,0.00935464062463148,0.00929042406163146,NA,0.04926181860787229,58399863,1884457559000,32268.164144
Japan,0.278740321227792,0.3861140955249071,2006,NA,NA,NA,13417.9875762008,0,0.014820172736761601,0.0122362232237142,0.00258394951304741,0.0499164214692778,127900515,4297284627999.9995,33615.080241
Mexico,NA,NA,2006,5393.36286908325,NA,1068.57224726324,6461.93511634649,0,0.0114482202689331,NA,NA,0.057225109781437,107155391,1485209624000,13720.688285
Netherlands,NA,0.43019372768493597,2006,9717.21570626865,NA,5478.3588781102,15195.5745843788,0,0.0146229867606147,0.0146229867606147,NA,0.055975030050247294,16346096,669518848000,40959.18563
New Zealand,0.243114143259663,0.518744252796022,2006,8009.82199452892,NA,1277.82213968285,9287.64413421177,0,0.014867230318975999,0.012483997989771501,0.00238323232920448,0.0625836284624708,4184599.9999999995,116100638000,27664.745638
Norway,0.011342030767896001,0.42646884604519597,2006,10637.8561449505,92.4110042856943,5504.89992327414,16235.1670725103,0,0.012422363124562099,NA,NA,0.054287444786538804,4660673,252086882000,54084.291298
Poland,0.0013599353300632324,0.47303898511729303,2006,4466.97616600198,1.40623121250398,755.6011182716237,5223.98351548611,0,0.013433003374429599,0.0133001770702932,NA,0.0567691888256098,38132277,577156392000,15135.749292
Portugal,0.08655108537020449,0.32945463867905195,2006,7208.41364053988,NA,2515.30302074739,9723.71666128727,0,0.013729398655960201,NA,NA,0.0556634812365737,10522288,259371294000,24649.676772
Slovak Republic,0.012268399062061,0.34604793361265995,2006,4201.42938911222,1122.45231225394,731.96057926226,6055.84228062842,0,0.00961247994754724,0.00961247994754724,NA,0.042548213267703104,5391184,101490226000,18826.142072
Spain,0.145279213900884,0.32932510818525,2006,7819.744582374851,NA,3241.5264861159435,11086.987976586872,0,0.011205744052497,NA,NA,0.046636715962386395,44360521,1362071029000,30704.576922
Sweden,0.04851898350997,0.40618239124239897,2006,8854.78974241246,NA,8136.0191498834,16990.8088922959,0,0.0161090599457389,NA,NA,0.0632544927416324,9080506,342150661000,37679.716019
Switzerland,0.09588730325061849,0.297904169016849,2006,12783.2467806507,NA,9446.86537940532,22230.112160056,0,0.013839999999999998,0.01366,NA,0.0590083851646859,7483935,347559421000,46129.811162
Turkey,0.107873239854926,0.15244991093052598,2006,4648.27236404086,NA,NA,4648.27236404086,0,0.00758,NA,NA,0.02698,69295253,944033702000,13623.402879
United Kingdom,0.149759017784003,0.389963395289262,2006,8425.3134591727,1289.1000022211,5732.72987536332,15447.1433367571,0,0.0129327555394118,NA,NA,0.059120036994742,60827067,2117406787000,34810.310992
United States,0.0991445450086303,0.355161909508012,2006,19476.0612319598,2908.12053540977,2724.58457780018,25108.7663451698,0,0.029188279754126502,NA,NA,0.0737564026800199,298379912,13815583000000,46234.10571
Brazil,NA,NA,2006,10066.5302115039,NA,227.358018516229,10293.8882300201,1,0.00769,NA,NA,0.049109999999999994,187061610,2190727859000.0002,11711.263786
Chile,NA,NA,2006,NA,NA,NA,6291.9402776664,1,0.0169623825447485,0.0126520188384791,0.00431036370626935,0.056511395541734497,16347890,257648251000,15685.218973
Estonia,NA,NA,2006,4062.53440500099,NA,NA,4062.53440500099,1,0.0108760258396816,0.007832689461223629,0.0030399999999999997,0.0490640448193709,1346810,26019613000,19263.798742
Israel,NA,0.36191929133321404,2006,9902.39999031824,1229.66045815159,NA,11132.0604484698,1,0.0180468777481342,0.014508978071982299,0.00353789967615187,0.077802580703518,7053707,181312087000,25578.794449
Russian Federation,NA,NA,2006,NA,NA,331.239586868625,4279.16734613923,1,0.00848,0.00697,0.00151,0.03872,142487259,2291243855000,16017.124233
Slovenia,0.258984531372291,0.20697670891175102,2006,6736.45005046699,25.8524083350676,1488.82614562487,8251.1286044269309,1,0.0127171602268183,NA,NA,0.0605907887350064,2008516.0000000002,51548468000,25673.49132
Australia,NA,0.4975981802299525,2007,8603.73812679045,610.295512742944,5512.40527239713,14726.4389119305,0,0.015481210939527802,0.0140810830072703,0.00140012793225749,0.0517815930645583,20827622,825575898000,39638.551627
Austria,0.0712826263498485,0.221341760831886,2007,10438.7975036272,113.659952724598,4486.75822164681,15039.2156779986,0,0.013412913128800401,0.0128831900908331,5.2972303796729e-4,0.053554170634759195,8295189.000000001,326699296000,39384.189618
Belgium,NA,NA,2007,8438.60502802698,347.516821542512,4696.10784723551,13482.229696805,0,0.0127354199782619,NA,NA,0.0610274114337527,10625701,390457716000,36745.503067
Canada,NA,0.305926270925427,2007,13572,1159,5547,20278,0,0.02617,0.016354029903132134,0.0098,0.06077,32889024.999999996,1300942608000,39555.523703
Czech Republic,0.0479421303862165,0.34948115251045103,2007,6738.12279189793,85.5318074776422,1385.68677714933,8209.34137652491,0,0.0123413926334904,0.0119306398601596,NA,0.045659093866144695,10322689,270349143999.99997,26189.798385
Denmark,0.109102335201071,0.473143889487899,2007,NA,NA,NA,16465.7382497145,0,0.017055176149247498,NA,NA,0.0709925561197238,5457415,212771394000,38969.119721
Finland,9.220033287142031e-4,0.48459426052276,2007,8178.19024350153,NA,5387.90643040211,13566.0966739036,0,0.016333410765846,0.016333410765846,NA,0.056429830257514704,5288719,199873495000,37792.556693
France,NA,NA,2007,8252.21408173483,749.075733845945,3771.27520289686,12772.5650184776,0,0.0138665477913408,0.0110553103045289,0.0028112374868118502,0.059718911614124404,63781275,2181667495999.9998,34086.956799
Germany,0.10367649360813999,0.23379220253247499,2007,7852.12447737705,681.944298897353,5288.48541586467,13822.5541921391,0,0.0106646981748335,0.00987735391874171,7.873442560918261e-4,0.0470255805807129,82266373,2981616280000,36813.713454
Greece,0.121152693632126,0.176533177563888,2007,NA,NA,NA,NA,0,NA,NA,NA,NA,11048466,323551015000,29284.612817
Hungary,0.0393358649226829,0.29426107018325803,2007,5036.97845249815,327.824960538928,1356.11665026205,6720.92006329913,0,0.00871,0.00838,NA,0.04933,10055778,191830803000,19076.670613
Iceland,0.0241554578848559,0.630611887306087,2007,NA,NA,NA,9309.34747527874,0,0.011907023506544101,NA,NA,0.0780747729728035,311567,12902915000,41435.17855
Italy,NA,0.349916837719155,2007,5220.659619170193,226.64271059346774,3226.010178584051,8673.312508347712,0,0.008849113399899829,0.008799324222733251,NA,0.044661128629036,58756247,1992732867000,33915.278166
Japan,0.277122594440485,0.3881889976375295,2007,NA,NA,NA,14201.4660625185,0,0.0147034167146246,0.012294682716397401,0.00240873399822719,0.0493159411986618,128032743.00000001,4479299619000,34999.997022
Mexico,NA,NA,2007,5861.98522421037,NA,1109.48182070784,6971.46704491822,0,0.0119551063329213,NA,NA,0.0571827826567892,108744845,1560053895000,14233.029479
Netherlands,NA,0.428291391800241,2007,10420.5161964926,NA,5547.98523106792,15968.5014275606,0,0.0148097895201061,0.0148097895201061,NA,0.0556069745197766,16381696.000000002,718924413000,43885.020938
New Zealand,0.204196353030707,0.476176682416683,2007,8538.54929618266,NA,1366.3881267001,9904.93742288276,0,0.0154277181752615,0.0128317875495853,0.00259593062567616,0.0594438333934367,4223800,123992448000,29275.954051
Norway,0.00950782259058742,0.43358640654744496,2007,9982.08907213866,88.8183851308707,7068.68926605022,17139.5967233198,0,0.012513167990766001,NA,NA,0.055133876590449,4709156,263065787000,55864.469542
Poland,0.00122228157378734,0.490275175352526,2007,4637.207054327115,NA,938.2814520376425,5575.52997553527,0,0.0128616674754002,0.012725783246383899,NA,0.0529054495609469,38115967,639756006000,16784.447639
Portugal,0.0607162038275778,0.425838925682951,2007,7427.9525408503,NA,2970.1010009762,10398.0535418265,0,0.015611133008809099,NA,NA,0.0559518275078511,10542963.5,270973950000,25701.787963
Slovak Republic,0.00912694694935919,0.388913552933288,2007,4314.77029300027,607.596903453821,813.629632806685,5735.99682926078,0,0.008650932184985,0.008650932184985,NA,0.0395154002379514,5397766,113923832000,21110.422832
Spain,0.14041360532226402,0.324396924148447,2007,8728,226,3593.789298035992,12548.000865889218,0,0.0114721144073029,0.00972469389112118,0.00174742051618174,0.0481990614877509,45236004,1466711066000,32423.53222
Sweden,0.053865488996966,0.39901716753102595,2007,9402.11470619466,NA,8959.12714798174,18361.2418541764,0,0.0156829010706317,NA,NA,0.0625164659198308,9148093,373749881000,40855.465147
Switzerland,0.18314742629758102,0.313604132188135,2007,10977.1284890406,NA,9906.1426328825,20883.2711219231,0,0.012490000000000001,0.01228,NA,0.0553897566627045,7551117,386208981000,50804.677376
Turkey,0.121293261785884,NA,2007,NA,NA,NA,NA,0,NA,NA,NA,NA,70158111.5,1041497943000,14845.034672
United Kingdom,0.153212852583298,0.38696309185132,2007,7757.01972551033,1265.69527691818,6440.72514175839,15463.4401441869,0,0.012705618428762899,NA,NA,0.057947296826607604,61319075,2186268319999.9998,35654.011323
United States,0.101482919826077,0.36518676713968,2007,21198.7341652798,3031.22066151489,2779.83401346566,27009.7888402604,0,0.0310617466074683,NA,NA,0.0757286855270243,301231207,14474228000000,47976.201209
Brazil,NA,NA,2007,10326.4957296773,NA,623.149425445774,10949.6451551231,1,0.008,NA,NA,0.052000000000000005,189038268,2386123391000,12622.435746
Chile,NA,NA,2007,6437.6465163185,NA,188.537985194677,6626.18450151318,0,0.0197601982440509,0.015496188450245101,0.00426400979380579,0.0642652501101165,16517933,280051852000,16872.268785
Estonia,NA,NA,2007,5214.47673602967,NA,NA,5214.47673602967,1,0.0126419365140026,0.00903462884485011,0.00360730766915246,0.0498806398333146,1340680,29720555000,22131.622085
Israel,NA,0.36879046640928304,2007,10077.306878458,1358.18248549492,NA,11435.4893639529,1,0.0178364424466281,0.0143364997926273,0.00349994265400083,0.0744375558627873,7180114.5,197550512000,27367.157702
Russian Federation,NA,NA,2007,NA,NA,233.454845193075,5433.98271445533,1,0.0165000895759657,0.0133468302859834,0.00315325928998227,0.0742361061630475,142114903,2553606502000,17881.758587
Slovenia,0.245539582257529,0.201552982170147,2007,7011.03086080855,25.8359909344681,1521.75910509084,8558.62595683385,1,0.0125916028122924,NA,NA,0.0555766802128196,2019406,55572363000,27526.53765
Australia,0.17789780548882506,0.48506370114563113,2008,9314.89966362264,610.827413733264,5117.16136682674,15042.8884441826,0,0.014888249593590499,0.0134365865706889,0.0014516630229015602,0.05180414307009609,21249199,852201510000,40105.110301
Austria,0.0782832125124935,0.249629762309683,2008,10370.2529229717,106.879662344552,4566.2556952747,15043.388280591,0,0.013191033535558401,0.0130496554374092,1.41378098149273e-4,0.054170278860493505,8321541,343812976000,41316.022642
Belgium,NA,NA,2008,9166.00349351916,546.498152862802,5307.96999854789,15020.4716449299,0,0.013671705768492599,NA,NA,0.06570050421008461,10709976,405729430000,37883.233422
Canada,0.295662863391043,0.344142753439394,2008,13902.411658631872,1216.2275613334384,5784.718740447984,20903.357960413294,0,0.0254705469529562,0.0156913108853293,0.0097792360676268,0.0603707086270628,33247118,1342396613000,40376.330167
Chile,NA,NA,2008,6478,NA,351,6829,0,0.021681763999952797,0.0164884690569721,0.00519329494298068,0.0707025277657221,16697754,275716447000,16447.33384
Czech Republic,0.0498844065452269,0.35840588139663504,2008,6826.88377067939,93.5567015476858,1397.0882233832,8317.52869561028,0,0.011876317600691999,0.011499196122957,NA,0.0451348157778388,10429692,290503947000,27853.549898
Denmark,0.105863905916783,0.46787388405437297,2008,NA,NA,NA,17633.9593234176,0,0.0168030634624496,NA,NA,0.0708540378538029,5489022,226767494000,41282.995471
Finland,NA,0.6256092698025469,2008,9592.25033590269,NA,5809.61521018442,15401.8655460871,0,0.0169511317465654,0.0169511317465654,NA,0.0587068301761269,5313398,212980742000,40083.701943
France,NA,NA,2008,9088.61672044887,765.856017370164,4224.35027882396,14078.823016643,0,0.0142311744711731,0.0113647292727626,0.00286644519841048,0.059846518700689896,64133174,2259255844000,35102.870428
Germany,0.100973228444389,0.25491292689199,2008,8787.96742307174,716.184581725161,5885.43833773393,15389.5903425308,0,0.011710795552731398,0.0106393686859666,0.0010714268667648,0.0480034217351983,82110097,3103958247000,38432.448211
Greece,NA,NA,2008,NA,NA,NA,NA,0,NA,NA,NA,NA,11077839,341817829000,30855.935774
Hungary,0.0400719572525136,0.301221156498023,2008,5316.56276352084,415.239751207456,1595.31899555716,7327.12151028546,0,0.00867,0.00817,NA,0.04784,10038186,208070456000,20727.889969
Iceland,0.040658161568283196,0.565797028502459,2008,NA,NA,NA,10429.3663314189,0,0.012544579036836201,NA,NA,0.0788840120132515,317404,13879916000,43456.216759
Italy,0.0073152155208127505,0.328299224143083,2008,5672.914283306534,286.10185453961725,3594.4502991705435,9553.466437016694,0,0.00965618692855171,0.00961592920355869,NA,0.0481887155232722,59211183,2089717307000,35292.601856
Japan,0.272100525131283,0.3944289655172414,2008,NA,NA,NA,14890.0359815819,0,0.0145456065201211,0.012272721229443,0.00227288529067813,0.0493256195898683,128083959.99999999,4517267524000,35278.749846
Mexico,0.0124855922429077,0.18137883159234,2008,6298.47050407536,NA,1205.30157931752,7503.77208339289,0,0.012286662320030199,NA,NA,0.057736090790799804,110405454,1653898190000,14885.902438
Netherlands,NA,0.413654778976088,2008,11203.087779922,NA,6041.46534705594,17244.5531269779,0,0.0151071227970945,0.0151071227970945,NA,0.056007589999010704,16445590,763407575000,46419.042594
New Zealand,0.213475103358988,0.483125778800379,2008,8814.80520527549,NA,1711.31410692937,10526.1193122049,0,0.0159027840897216,0.012829949871120102,0.0030728342186015,0.0656814707228505,4259800,127057687000,29748.931565
Norway,0.00647197891719245,0.41471569216363,2008,11468.7440960861,128.862293214451,7343.96044410796,18941.5668334085,0,0.016685493051712,NA,NA,0.0742292264590632,4768215,294277831000,61719.343656
Poland,0.0011081166191049601,0.49997763168674,2008,6037.74979484338,NA,1025.34352553214,7063.127320397,0,0.014759171740273101,0.014638569519974401,NA,0.0574915861930093,38115909,697829214000,18308.038986
Portugal,0.0241026056668464,0.453015069223525,2008,6096.77310986591,NA,4275.79711247571,10372.5702223416,0,0.013449784538811101,NA,NA,0.0522111041455816,10558176.5,281542549000,26665.771577
Slovak Republic,0.00871784691012105,0.571493534455293,2008,4841.85608708762,829.013668067843,889.165884632932,6560.0356397884,0,0.00886583165812886,0.00886583165812886,NA,0.040482527526218996,5406972,127626827000,23608.977522
Spain,0.142486945453488,0.331410149244658,2008,9206.472758322683,244.57461617313464,3915.277738644161,13366.32511313998,0,0.012177435659906399,0.0103857639386688,0.0017916717212376502,0.0511063270362569,45983169,1528583756000,33242.245427
Sweden,0.058989944127387804,0.398600055469531,2008,10018.8337055229,NA,9994.99069337264,20013.8243988955,0,0.015900971188895,NA,NA,0.0629909622010286,9219639,388684190000,42158.465614
Switzerland,0.186784972426099,0.32411109855041703,2008,9844.98569003275,NA,11803.0579451343,21648.043635167,0,0.011819999999999999,0.01155,NA,0.057392584896001804,7647676,413714827000,53784.37338
Turkey,0.13346056469423298,0.19502128495749002,2008,NA,NA,NA,NA,0,NA,NA,NA,NA,71051689,1139548435000,16038.231645
United Kingdom,0.15770027693879402,0.34880153218408405,2008,7023.79696711052,1374.92914365266,6910.8644186029,15309.5905293661,0,0.0118969797133772,NA,NA,0.057111616440550704,61823772,2278426918000,36853.437474
United States,0.101715768096589,0.37311449452934803,2008,23621.8589437059,3286.35298153486,3001.93690403183,29910.1488292726,0,0.0268557466116497,NA,NA,0.0724003072240626,304093966,14769862000000,48498.445211
Brazil,NA,NA,2008,10990.8624408606,NA,619.434885811576,11610.2973266722,1,0.007850000000000001,NA,NA,0.052930000000000005,191010274,2556454782000,13383.860084
Estonia,NA,NA,2008,NA,NA,NA,5780.04976092423,0,0.013110326572521001,0.00903517360945226,0.00407515296306872,0.0575997277623228,1337090,30488762000,22780.0071
Israel,NA,0.364872468382926,2008,11106.0608000859,1462.24916602714,NA,12568.309966113,0,0.0162841137545365,0.0134860566449372,0.00279805710959929,0.0733225974825669,7308795,201065271000,27351.81872
Russian Federation,NA,NA,2008,NA,NA,319.752489508221,6758.26316865637,1,0.014643465896007799,0.012649727303115501,0.00199373859289228,0.047396776362867404,141956413,3091455591000,21657.589062
Slovenia,0.26134917653649603,0.200778258840975,2008,7576.96041184127,31.2276715920144,1654.65166840622,9262.83975183951,0,0.0113236991239971,NA,NA,0.0543807197865576,2022628.9999999998,59839586000,29594.665839
Australia,0.15819176400216625,0.48546963704298496,2009,9266.69198037196,599.892867654463,6207.59408529751,16074.1789333239,0,0.0161505994625603,0.0143552642861886,0.0017953351763716598,0.0599932404555611,21691653,903822934000,41666.763509
Austria,0.101319577779746,0.29278651459551197,2009,9688.5605057015,122.904155855959,4445.9336633774,14257.3983249349,0,0.0144316578094121,0.0143538216309492,NA,0.0589306839816245,8341483,341644307000,40957.262321
Belgium,NA,NA,2009,9474.32689572313,526.627812424542,5442.11077671296,15443.0654848606,0,0.014579338696775902,NA,NA,0.0666534075463176,10796498,407862461000,37779.034875
Canada,0.285595683401884,0.36551938953123503,2009,14013.794344779455,1112.6134420046953,5805.558117616626,20931.96590440078,0,0.024534586564728,0.014833338197218899,0.0097012483675091,0.0608335858610158,33628895,1307953077000,38893.727456
Chile,NA,NA,2009,6390,NA,472,6863,0,0.0245112776305271,0.0179725947480299,0.0065386828824972,0.0683732348628283,16881078,272874099999.99997,16119.89398
Czech Republic,0.0410615947264119,0.383839390088231,2009,6585.88872522999,85.6694450965998,1565.19324941424,8236.75141974083,0,0.0126249567494083,0.0122455355675348,NA,0.0480483913530293,10491492,290152861000,27656.015128
Denmark,0.0853291039660701,0.4730316856063,2009,NA,NA,NA,18556.0632114779,0,0.01889579397234,NA,NA,0.07863074906108661,5519441,222918170000,40361.790678
Estonia,NA,NA,2009,3967.79798507085,NA,2405.06190715189,6372.85989222274,0,0.0159372208387893,0.0115440912684448,0.00439312957034454,0.062843464432142,1334515,27348141000,20474.763323
Finland,NA,0.439971331225679,2009,10084.954590058,NA,6483.82693326606,16568.7815233241,0,0.0189192807718716,0.0189192807718716,NA,0.0643566751378878,5338867,202878300000,38000.018769
France,NA,NA,2009,9283.8471785408,758.235454603167,4599.75028471768,14641.8329178616,0,0.015101382520189399,0.011982600327858299,0.0031187821923311597,0.0629901796021768,64458715,2245566431000,34711.655714
Germany,0.138095619916933,0.284710984106185,2009,8884.66387852644,709.121833194838,6117.28299764286,15711.0687093641,0,0.012771828692343,0.0116065808081234,0.00116524788421953,0.053238954813833,81902308,3017520905000,37492.649447
Greece,NA,NA,2009,NA,NA,NA,NA,0,NA,NA,NA,NA,11107017,337447850000,30381.482016
Hungary,0.045812075669885106,0.300748234244282,2009,6168.19657283999,477.098434487947,1872.67280680635,8517.96781413429,0,0.00968,0.00903,NA,0.04824,10022647,207920312000,20745.043725
Iceland,0.018931694282108998,0.509563066569783,2009,NA,NA,NA,9938.54134355117,0,0.0129937383813798,NA,NA,0.0808001137918927,318501,13343517000,41802.999355
Israel,NA,0.37415748178423597,2009,9856.92323898593,1357.48059694222,NA,11214.4038359282,0,0.0159107764581583,0.0140250258034635,0.00188575065469478,0.071650694771877,7485565,206236803000,27564.210712
Italy,0.0054238799912409395,0.326184805315892,2009,5687.773812413102,292.6958271967795,3581.0641888182477,9561.53382842813,0,0.00989145073640735,0.00985371323694597,NA,0.0488262064706016,59555456,2046377425000,34360.847019
Japan,0.26179305019305,0.40419922834093297,2009,NA,NA,NA,15957.3114755812,0,0.0155533213300942,0.0133517229278199,0.00220159840227426,0.0522595237658057,128031513.99999999,4298203336000,33570.796322
Mexico,0.014249307781498698,0.194032858695622,2009,6756.23780878227,NA,1264.05516922534,8020.29297800761,0,0.0142714541223886,NA,NA,0.062487802312778805,112095388,1637276794000,14532.386514
Netherlands,NA,0.417729341995612,2009,11478.9036051142,NA,6370.43457986278,17849.338184977,0,0.016772463576051798,0.0167671329920166,NA,0.062274103743067404,16530387.000000002,737085619000,44590.781562
New Zealand,0.240271949492774,0.495886616680899,2009,8939.0611444681,NA,1680.18786342978,10619.2490078979,0,0.016234377370347698,0.0134671397959416,0.00276723757440612,0.07367402034769689,4302600,132091564000.00002,30591.621801
Norway,0.00480594677995033,0.40736338085727297,2009,11104.6896019509,184.97113719518,7979.20655182588,19268.867290972,0,0.0138305244125114,NA,NA,0.0622086320158839,4828716,267535443000.00003,55401.83115
Poland,9.256214652111009e-4,0.502180248172818,2009,6501.99521059379,NA,1274.10069252477,7776.13267643577,0,0.015146205990765,0.0150379361478852,NA,0.058004842315374894,38153389,734574626000,19088.289016
Portugal,0.00580665336656821,0.399553325220138,2009,5504.06045609592,NA,4976.56873435815,10480.6291904541,0,0.0136139889143022,NA,NA,0.058989059769999,10568246.5,279829997000,26478.491799
Slovak Republic,0.00709624722367745,0.613697822631634,2009,4673.58999021844,1245.86526027317,838.59372666438,6758.04897715599,0,0.00945214772122012,0.00945214772122012,NA,0.047452653878258394,5418374,124412901000,22963.908847
Slovenia,0.26452586349330703,0.268311705548304,2009,7480.06633738732,29.7912049882543,1801.54347185083,9311.40101422641,0,0.013038896881448101,NA,NA,0.0598222373654158,2042335,56209216000,27531.134559
Spain,0.152894830417457,0.27429130528719503,2009,9186.462054770933,469.88316017902343,3957.494935366946,13613.8401503169,0,0.0131364027214312,0.011137259729861,0.00199914299157021,0.0555598851341485,46367550,1488992726000,32112.818687
Sweden,0.059977388120332396,0.36182910991782696,2009,9464.20147849843,NA,10496.7621870984,19960.9636655969,0,0.0178231409932566,NA,NA,0.0674736888717366,9298512,374814888000,40309.177594
Switzerland,0.18862737590472498,0.305499212057817,2009,9464.57459072697,NA,12112.6209985202,21577.1955892471,0,0.01283,0.01246,NA,0.0597180998375128,7743832,413468607000,53150.627259
Turkey,0.150625336265648,0.208724030714972,2009,NA,NA,NA,NA,0,NA,NA,NA,NA,72039215,1113289469000,15453.982835
United Kingdom,0.118114173221099,0.478425330537532,2009,8367.85194840769,1520.7652440615,6449.33442811393,16337.9516205831,0,0.013042542664813299,NA,NA,0.0604046508098542,62260486,2194513659000,35247.003087
United States,0.10654529102603201,0.37779901606090804,2009,23078.773873626,3234.22709228465,2887.6508804368,29200.6518463474,0,0.026411543025474403,NA,NA,0.0733884820882032,306771529,14478067000000,47122.988543
Argentina,NA,NA,2009,NA,NA,NA,4578.97587307057,1,0.013858516250963699,0.009465337721835741,0.00439317852912796,0.0695779918789537,40359828,661275817000,16476.698479
Brazil,NA,NA,2009,11106.7301524012,NA,634.00289843669,11740.7330508379,1,0.008298420607631661,NA,NA,0.055470193644362016,192980905,2572703030000,13331.386494
China,NA,NA,2009,NA,NA,NA,NA,1,NA,NA,NA,NA,1361169410,11059906363000,8287.678054
India,NA,NA,2009,NA,NA,NA,NA,1,NA,0.012584380637165387,NA,0.03489154745864543,1217726217,4700537017000,3987.849459
Indonesia,NA,NA,2009,NA,NA,NA,972.273992312018,1,0.006504643726355499,NA,NA,0.03558195755109997,238620554,2052493739000,8735.401828
Russian Federation,NA,NA,2009,NA,NA,380.132580928619,7748.54102229608,1,0.0182058578007716,0.0159138237103289,0.00229203409044272,0.055317824031967604,141909248,2973733080000,20826.597968
Saudi Arabia,NA,NA,2009,NA,NA,NA,16297.004362492818,1,0.0227743271221532,NA,NA,NA,26630303,1329736077000,49874.781078
South Africa,NA,NA,2009,NA,NA,NA,3616.16765809245,1,0.005829690465894551,NA,NA,0.047560000000000005,50469139,575921095000,11467.143322
Australia,0.15690163480224587,0.49990361285465973,2010,8831.27327153448,547.670660708825,5763.142310375,15142.0862426183,0,0.016274066141284002,0.014514050098259299,0.00176001604302472,0.061305054405488696,22031750,943525180000,42825.605734
Austria,0.123071993754879,0.296721874492705,2010,10379.5697729119,108.381159350951,4519.15917738109,15007.110109644,0,0.0151981026263819,0.0151260961579371,NA,0.0576767406075484,8361069.000000001,351610069000,42053.24337
Belgium,NA,NA,2010,9320.40372516799,324.377288116375,5533.95806928609,15178.7390825705,0,0.014388623365269,NA,NA,0.0663114894975869,10895589,434412544000,39868.992658
Canada,0.287913888414602,0.362801331047095,2010,15120.127262306,1179.57726976188,6175.65779097316,22475.362323041,0,0.0272475041697583,0.0181666406651319,0.00908086350462637,0.06586518013990089,34004889,1364079668000,40114.222041
Chile,NA,NA,2010,6828.644621819146,NA,271.934506322484,7100.57912814163,0,0.0241255986493926,0.0178138162212098,0.00631178242818287,0.0643930291390496,17063927,309886434000,18129.087986
Czech Republic,0.0455141522778762,0.381132174011548,2010,6164.57244790354,78.9545281864015,1391.69053501606,7635.217511106,0,0.012282870345150701,0.0119069199571726,NA,0.047183187914982196,10517247,292270175000,27789.608377
Denmark,0.0897676335369426,0.499957811979638,2010,NA,NA,NA,18976.900561186,0,0.0188073902917858,NA,NA,0.0800068669440874,5543819,238749494000,43041.192361
Estonia,NA,NA,2010,3909.13069548497,NA,2591.72852354467,6500.85921902963,0,0.0161623149789765,0.0101471850530625,0.00601512992591395,0.0600977521084637,1331475,28807764000,21606.362944
Finland,8.74802597935695e-4,0.48944857342964804,2010,9802.17374565036,NA,6911.70328510361,16713.877030754,0,0.0192707040944029,0.0192707040944029,NA,0.0651215264719265,5363341,209096826000,38985.871994
France,NA,NA,2010,9473.12201059979,835.587419833676,4758.42053278157,15067.129963215,0,0.0151454553619776,0.012028787034890999,0.0031166683270865397,0.0630387438760188,64773168.99999999,2336459963000,35939.455835
Germany,0.139427847349253,0.298704724102628,2010,NA,NA,NA,NA,0,NA,NA,NA,NA,81776936,3187863278000,39707.329953
Greece,NA,NA,2010,NA,NA,NA,NA,0,NA,NA,NA,NA,11121344,310668240000,27934.317127
Hungary,0.0551187077487648,0.312500375581237,2010,5706.69537943632,1117.76976436999,1920.49527833818,8744.96042214449,0,0.008409999999999999,0.00801,3.9e-4,0.046,10000020,217684947000,21768.44459
Iceland,0.0194727799810186,0.597834004542772,2010,NA,NA,NA,8727.82737863523,0,0.0123382598574782,0.0123382598574782,NA,0.0774906015037703,318044,12659835000,39810.803416
Israel,NA,0.36777720254079,2010,9514.00824115817,1215.73701718246,NA,10729.7452583406,0,0.0165848012993619,0.013632487978199801,0.00295231332116205,0.07446513125078319,7623561,220369943000,28916.809205
Italy,0.00517204537802067,0.31546436575681197,2010,5892.04949798402,373.954275431798,3313.76069933009,9579.7644727459,0,0.00990178483108779,0.00986349779612437,NA,0.0469730031025769,59819402,2085694440000,34866.522229
Japan,0.247938498402556,0.40390942028985505,2010,NA,NA,NA,16014.8417043633,0,0.0152712296755415,0.013130272795200399,0.0021409568803410998,0.0511022071661012,128057352.00000001,4527142943000,35356.426696
Mexico,0.0143532314221719,0.19819893688667498,2010,6610.76207815575,NA,1261.63001440489,7872.39209256064,0,0.013835993962456,NA,NA,0.062110871919420496,113748671,1741129429000,15257.673655
Netherlands,0.00464311737143544,0.418911779515242,2010,10818.2839476408,NA,6343.0624647202,17161.346412361,0,0.0173694253875682,0.0173551980906187,NA,0.062560848305327,16615390.000000002,748993689000,45079.367407
New Zealand,0.261392080561844,0.473713501826022,2010,8815.65070915751,NA,1602.43167879955,10418.0823879571,0,0.0158145107272617,0.0131379574563095,0.00267655327095216,0.072781557634928,4350700,135912366000.00002,31152.554881
Norway,0.00416413525235132,0.417707697892985,2010,10741.4900384127,191.05796546694,7579.12208797778,18511.6700918574,0,0.0169933310294033,NA,NA,0.0759629906892344,4889253,283400011000,57966.866732
Poland,0.0085437318548845,0.553796345702883,2010,7281.30976973309,NA,1584.53012682243,8865.86958067513,0,0.014641195590649301,0.014534374053452499,NA,0.0577598977353514,38516689,802270074000,20828.986526
Portugal,1.16868645399148e-4,0.40132279535551396,2010,5842.64577248362,NA,4735.83279176823,10578.4785642518,0,0.014524721613867399,NA,NA,0.0584292454816334,10573100,288463417000,27282.766346
Slovak Republic,0.00890575536260245,0.493631048229857,2010,4902.15418069159,928.759347623132,1072.76329443718,6903.6768227519,0,0.00929088248595822,0.00929088248595822,NA,0.046186304129575,5431024,136519435999.99998,25141.82601
Slovenia,0.260902129170127,0.29241312029554,2010,7688.96432215727,30.0013448835216,1973.95869942952,9692.92436647032,0,0.0127073179129615,NA,NA,0.059163472333116404,2049261,57049221000,27844.90244
Spain,0.163937764512535,0.295297570960275,2010,9009.438785127935,484.74432237776455,3879.0891925011683,13373.27230000687,0,0.0134777920892988,0.011342122047931,0.00213567004136782,0.055887889307005605,46562483,1476808758000,31716.709735
Sweden,0.063046542853988,0.36569753550575695,2010,9143.22085985626,NA,10418.8944996305,19562.1153594868,0,0.0175712525216994,NA,NA,0.06451412735941629,9378131,396283620000,42256.280065
Switzerland,0.161582489950394,0.313412443550353,2010,9620.38461148982,NA,12272.6917130787,21893.0763245685,0,0.01295,0.01295,NA,0.0555996471030898,7824910,429590099000,54809.791037
Turkey,0.186917678058965,0.230096976072583,2010,NA,NA,NA,NA,0,NA,NA,NA,NA,73142162,1269742720000,17359.967189
United Kingdom,0.123178616818489,0.508981373796807,2010,9256.21885317023,1289.75666907363,5316.32965876369,15862.3051810075,0,0.013702728915023199,NA,NA,0.0647797950562375,62759456,2297532502000,36608.229794
United States,0.11052355396807201,0.382325231351144,2010,19672.392506829,3071.95053419722,2831.54932760053,25575.8923686267,0,0.027979756204378,NA,NA,0.0732379253223162,309327143,15048970000000,48580.481254
Argentina,NA,NA,2010,NA,NA,NA,4679.97939909237,1,0.014689965505271501,0.0104237090912176,0.00426625641405385,0.0675510599188492,40788453,736718361000,18061.934358
Brazil,NA,NA,2010,12380.9991718998,NA,755.852793393798,13136.8519652936,1,0.00883,NA,NA,0.05649,194890682,2798617242000,14359.933545
China,NA,NA,2010,NA,NA,NA,NA,1,NA,NA,NA,NA,1368810604,12378809289000,9231.648126
India,NA,NA,2010,NA,NA,NA,NA,1,NA,NA,NA,NA,1234281163,5170042756000,4295.763887
Indonesia,NA,NA,2010,NA,NA,NA,NA,1,NA,NA,NA,NA,241834226,2056981020000,8623.978571
Russian Federation,NA,NA,2010,NA,NA,426.895345696699,7039.31877510834,1,0.0159570736267024,0.014043538214129401,0.00191353541257301,0.0485127764250772,142389969,3143873887000,22008.299275
Saudi Arabia,0.0788797667502085,0.197605007572876,2010,NA,NA,NA,NA,1,NA,NA,NA,NA,27421468,1413023527000,51351.20568
South Africa,NA,NA,2010,NA,NA,NA,NA,1,NA,NA,NA,NA,51226051,600342463000,11795.411488
Australia,0.17489773667724456,0.49585340948957296,2011,9571.13469430722,496.437731559818,6199.73224825976,16267.3046741268,0,0.015999762026611,0.0143036700268947,0.00169609199971626,0.058484947703832196,22340024,992556359000,44429.559507
Austria,0.115538949151497,0.349581146167115,2011,10367.8544226348,119.173898168223,4407.86798880008,14894.8963096031,0,0.0147598010604304,0.014697741799576001,NA,0.0569178279708156,8388534,373031477000,44469.209642
Belgium,NA,NA,2011,9725.68145777597,349.644640826647,5345.02897254255,15420.3550711452,0,0.014121653564348899,NA,NA,0.06575256323871251,10993616,451932625000,40943.343479
Canada,0.176389451494776,0.35237084856345596,2011,17006.49850280852,1186.5575929861388,6219.33802297375,23225.836525782273,0,0.0279368812862333,0.0186566031968107,0.00928027808942267,0.0678679519190948,34339328,1430807125000,41666.718851
Chile,0.218300444005944,0.24143386445975398,2011,7896.50563755112,NA,436.300013982419,8332.80565153354,0,0.0243864072947296,0.017663777397476398,0.006722629897253209,0.0691338292321581,17254159,350575242000,20302.78871
Czech Republic,0.046027466548480105,0.406229679412754,2011,6240.98097013742,78.9849080976273,3071.9300105468,9391.89588878184,0,0.0143277341747063,0.013962838844922401,NA,0.049919399009627004,10496672,304400914000,28999.754757
Denmark,0.11390395428446601,0.496445769218954,2011,NA,NA,NA,21253.8369511626,0,0.0190425275183345,NA,NA,0.0793875384334206,5566856,247352237000,44407.94207
Estonia,NA,NA,2011,4826.81128203538,NA,3041.12784563988,7867.93912767525,0,0.0170719703510027,0.0124781579142103,0.00459381243679238,0.0552847919390247,1327439,32598245000,24515.48857
Finland,NA,0.466010994655042,2011,10972.5442233773,NA,7029.10510831948,18001.6493316967,0,0.019434953084461498,0.019434953084461498,NA,0.06468748457902039,5388272,220471171000,40916.647325
France,NA,NA,2011,9662.41396432365,807.588636526557,4904.7515257324,15374.7541265826,0,0.014947951381984,0.0118857918315098,0.00306215955047422,0.061296303883585396,65087317,2446474544000,37447.949543
Germany,0.142773554651982,0.309416786943483,2011,9456.83629566773,706.689649119813,6559.30646634359,16722.8324111311,0,0.0131378466040285,0.0119378040551063,0.00120004254892225,0.051294908865608,80274981,3415019966000,42541.513126
Greece,NA,NA,2011,NA,NA,NA,NA,0,NA,NA,NA,NA,11104900,285079561000,25671.291223
Hungary,0.0670870750705246,0.272990408429855,2011,5959.39327504468,1193.96493441423,2056.35803957146,9209.71624903037,0,0.00966,0.009260000000000001,NA,0.04437,9958824,229736704000,23038.80802
Iceland,0.0194727799810186,0.597834004542772,2011,NA,NA,NA,8612.10792836411,0,0.0116435599008201,0.0116435599008201,NA,0.0766238508870003,319011,13059434000,40938.664549
Israel,NA,0.398532642905537,2011,10296.1386661439,1257.57412944371,NA,11553.7127955876,0,0.0165191037991125,0.013973373741746899,0.00254573005736552,0.0727806039614677,7765832,237915695000,30647.094772
Italy,NA,0.318812437358867,2011,6113.55716533961,367.981232675795,3508.5076077768,9990.0460057922,0,0.0100232107957261,0.00999385464677315,NA,0.045957501319527305,60026844,2173169961000.0002,36203.328522
Japan,0.24710626029654,0.435086501658586,2011,NA,NA,NA,16445.9778174949,0,0.015640692653356502,0.0134551990849281,0.00218549356842838,0.0514191223708552,127834233,4629400467000,36215.006272
Mexico,0.017443353634443,0.21299391359800002,2011,6475.75283112061,NA,1413.30492422953,7889.05775535014,0,0.0128277651410738,NA,NA,0.0616748394884958,115367452,1911319096000,16546.641414
Netherlands,0.0048942165148874,0.42211070839441706,2011,10665.4629141231,NA,6883.92870028327,17549.3916144064,0,0.0177001110869016,0.0176834836622289,NA,0.062188558183325304,16693074,777880907000,46599.227659
New Zealand,0.29189290297422,0.515873374383794,2011,9039.06286033121,NA,1543.18707287238,10582.2499332036,0,0.015080449977302299,0.012635326687009101,0.0024451232902932,0.0749622138697489,4384000,143362869000,32638.103325
Norway,0.00346160198064687,0.433637216082542,2011,10849.5700179336,186.723722309568,7803.87042562966,18840.1641658728,0,0.0167675647179521,NA,NA,0.0741534900060091,4953089,307471570000,62077.845797
Poland,0.00713191449895895,0.5776452855237391,2011,7915.948369521425,NA,1742.8829042211091,9658.876515695629,0,0.013033862310403498,0.0129391513888113,NA,0.0545665941382745,38525670,868896689000,22553.514215
Portugal,1.7857057823534198e-5,0.394161315948683,2011,5218.50627756341,NA,4421.33036943543,9639.83664699884,0,0.0136986249365088,NA,NA,0.055040467187607696,10557559.5,282620910000,26769.42769
Slovak Republic,0.00941877940861102,0.459544334634716,2011,5035.53716423259,1400.65710865134,1741.15448335224,8177.34875623617,0,0.00997652673117005,0.00997652673117005,NA,0.043735507732171,5398384,141145624000,26147.239673
Slovenia,0.269167550471089,0.369996731242292,2011,8248.07906146122,31.2419407984826,2134.15179713688,10413.4727993966,0,0.013184786345545102,NA,NA,0.059200819419993805,2052496,59391555000,28931.423641
Spain,0.181691648470095,0.315587574619043,2011,8939.415937433158,496.1043543570832,3737.3484815497973,13172.868773340037,0,0.013193742491592,0.0110582676352613,0.00213547485633077,0.054869825589896906,46736257,1489594952000,31872.363088
Sweden,0.0667728252470914,0.41002200060541705,2011,9922.2761205847,NA,10895.9956499614,20818.2717705461,0,0.0173743005042604,NA,NA,0.0632540382348387,9449216,421515998000,44608.643898
Switzerland,0.150322828821864,0.322877882824136,2011,10017.4042529124,NA,12864.2915933146,22881.695846227,0,0.01275,0.012350000000000002,NA,0.0559883376535661,7912396,458820075000,57987.486864
Turkey,0.17103800368855201,0.226016844985715,2011,NA,NA,NA,8193.12381664481,0,0.01319,NA,NA,0.0422310215626879,74223642,1454111872000,19590.858369
United Kingdom,0.12886651868392898,0.5501723938805609,2011,8975.26178989055,1595.12680068498,3652.52791394927,14222.9165045248,0,0.0122652549373179,NA,NA,0.06387497076217849,63285145,2364569348000,37363.819988
United States,0.121607458898355,0.38763118230794097,2011,19895.7554341279,3197.82623915997,2927.71189600438,26021.2935692923,0,0.026993229555701,NA,NA,0.06907691289419471,311583481,15599731000000,49997.535335
Argentina,NA,NA,2011,NA,NA,NA,NA,1,0.0156273168623806,0.0110127069688519,0.00461460989352873,0.07208857461621859,41261490,797263882000,19322.22713
Brazil,NA,NA,2011,10140.4023127798,NA,761.547492495152,10901.9498052749,1,0.0092,NA,NA,0.05854,196603732,2970630763000,15109.737403
China,NA,NA,2011,NA,NA,NA,NA,1,NA,NA,NA,NA,1376497633,13844365747000,10275.255685
India,NA,NA,2011,NA,NA,NA,NA,1,NA,NA,NA,NA,1250287939,5618380736000,4605.230111
Indonesia,NA,NA,2011,NA,NA,NA,1173.21028291038,1,NA,NA,NA,NA,245115988,2229511719000,9213.212405
Russian Federation,NA,NA,2011,NA,NA,526.122803039393,7424.2413385333,1,0.013943142775434101,0.012408336990021999,0.00153480578541206,0.045924594125846,142960911,3259319170000,22798.673917
Saudi Arabia,0.07837569103116675,0.1826520671941462,2011,NA,NA,NA,NA,1,NA,NA,NA,NA,28267591,1586748761000,56127.024677
South Africa,NA,NA,2011,NA,NA,NA,NA,1,NA,NA,NA,NA,52018393,633011149000,12272.385595
Australia,0.20876314771632798,0.5281449234766901,2012,9956.231235836489,498.8449191597077,6403.433959709041,16858.510114705237,0,0.0159761181213772,0.014400111180950779,0.001576006940426472,0.055899196814609885,22733465,997622794000,43883.378891
Austria,0.12013999216146001,0.39005291982742596,2012,11532.669699993628,83.78642689366374,3932.0625708847933,15548.518697772088,0,0.0173913024855173,0.014656895401129591,0.002734407084387669,0.048711545609849534,8426311,391635176000,46477.655075
Belgium,NA,NA,2012,9799.479671006588,356.3820294798045,5346.953806504805,15502.815506991197,0,0.0153629340627584,0.013693385212945235,2.761579717211117e-4,0.05860716084917129,11067748,469720336000,42290.477674
Canada,0.183313736081884,0.33989807047353304,2012,14652.180031301998,1136.0778278655305,6217.7940673450385,22006.051926512566,0,0.0247365126931204,0.015869396899991176,0.008867115793129232,0.060303121993707,34714222,1468094965000,42290.879082
Chile,0.247861470869496,0.231366884203209,2012,7599.611947842447,NA,359.9446400252218,7959.556587867669,0,0.0252572975908956,0.02157102226586032,0.0036862753250353282,0.061192436222221716,17443491,374241572000,21446.537619
Czech Republic,0.0501945307037237,0.398018247257331,2012,6733.925204861397,73.54308772159682,3511.5084328834187,10318.976725466411,0,0.0161877086642658,0.014377636648440379,5.4200310389566266e-5,0.043798658575499874,10509286,307490199000,29258.904853
Denmark,0.113296444481386,0.493252435873491,2012,NA,NA,NA,NA,0,NA,NA,NA,NA,5587085,250524599000,44808.549212
Estonia,NA,NA,2012,4283.6034415329505,406.06557811241373,3516.721333989898,8206.390353635263,0,0.016357933901541798,0.016184602352364838,NA,0.04872007947055914,1322696,34384891000,25946.944889
Finland,1.0286644702231e-4,0.470554553449717,2012,10727.85742989265,0,7135.50644002091,17863.363869913555,0,0.0184775603972232,0.018477560397223213,0,0.05788688041709274,5413967,221285636000,40872.854802
France,NA,NA,2012,9502.34708253596,858.6089602646921,4920.301149937823,15281.257192738474,0,0.014401171846418499,0.01140269117227204,0.002998480674146449,0.05265021216522347,65402998,2474005287000,37684.198067
Germany,0.147418151266085,0.308642639224763,2012,9179.06184389304,846.313444694292,7131.615970268432,17156.991258855764,0,0.0130023222042821,0.012229171955962908,1.0713061127502556e-6,0.04440356052300624,80425826,3487234448000,43359.541048
Greece,NA,NA,2012,NA,NA,NA,NA,0,NA,NA,NA,NA,11045010,275143683000,24911.062614
Hungary,0.0788243146428313,0.226411236540199,2012,5650.852460758879,1753.80030054017,1471.3349378172531,8875.987699116302,0,0.0149454939681481,0.012025805670734,4.719602099369837e-4,0.04100369602176632,9920364,230898726000,23275.231857
Iceland,0.0198783910196445,0.603700172445795,2012,NA,NA,NA,9377.028741164044,0,0.0175421763481814,0.011479357941933346,1.7769137205840408e-4,0.06405004237228722,320723,13471498000,42006.543346
Israel,NA,0.40499013089361297,2012,6417.537208045272,1292.4451320425994,4627.550439025706,12337.532779113575,0,0.0208064031491426,0.01303336889294004,0.0027355353401320075,0.06472923947479335,7910525,251920659000,31859.55362
Italy,0.00410675034308116,0.261259653371445,2012,6022.046338833836,347.22786251133476,3701.407500854028,10070.681702199197,0,0.00935520962677655,0.009355209626776549,NA,0.03885605676260071,60191243,2172383108000,36091.373957
Japan,0.24606341463414602,0.451314712824548,2012,NA,NA,NA,16871.73485429127,0,0.020113667317568404,0.013253714867261393,0.0022110443802732696,0.04954587219080839,127592657,4799612880000,37628.675989
Mexico,0.0172803508336539,0.216943272227,2012,6647.170711812224,NA,1468.192701041181,8115.363412853403,0,0.0155372164419711,NA,NA,0.054312010703034125,116935670,2012767781000,17220.06914
Netherlands,0.00553790966185253,0.454012272887531,2012,12505.114381288655,0,6771.0290507814525,19276.14343207011,0,0.0169747552408905,0.016936800679753915,3.795456113653874e-5,0.05481875441551003,16754963,792041828000,47271.968226
New Zealand,0.29666792056540603,0.57493310689407,2012,NA,NA,2899.5508362780224,13740.338139745554,0,0.0188988013556382,0.01622866779661657,0.002670133559021594,0.06889168097767612,4408100,145417047000,32916.91304
Norway,0.0028305561222582,0.41904131075198203,2012,11823.958123468827,186.12227820840553,8006.345964560671,20016.426366237905,0,0.0186678109867801,0.015792924529329375,NA,0.06473177819068178,5018574,327987716000,65349.216157
Poland,0.00683057354501293,0.529425899236113,2012,7433.066501719253,258.96741708212323,2106.828690929471,9798.862609730848,0,0.0132886827423812,0.013207345774323207,8.13369680579493e-5,0.04778269763815099,38533789,903836561000,23455.560312
Portugal,6.014538342080479e-6,0.41171626809714096,2012,4560.660832734057,356.66156527059644,4278.281762633262,9195.604160637915,0,0.0143952835793115,0.013330000808637284,NA,0.059125878975296385,10514843.5,277991759000,26438.140472
Slovak Republic,0.010128049840113,0.44398761551231203,2012,4412.318771997645,1778.2460780026902,2831.842358601854,9022.40720860219,0,0.0112811589151448,0.010366775641669466,NA,0.03805135443428148,5407579,145400903000,26894.994483
Slovenia,0.201447930221521,0.445328251852771,2012,8691.91386349895,195.8489089448978,2114.0030307045845,11001.765803148432,0,0.0122137599757818,0.011195578480778871,9.838726654900095e-4,0.04925990590805131,2056261.9999999998,59745667000,29048.325999
Spain,0.20120737964597202,0.289960046148046,2012,8435.489964664766,548.009808967834,3372.247170163874,12355.746943796474,0,0.012402874261485,0.010517377492280777,0.0018854967692042328,0.04292521214832281,46766403,1483646902000,31724.631513
Sweden,0.06843731866426621,0.388296315461608,2012,10588.726147593527,0,11945.693570497298,22534.419718090823,0,0.0168642351009553,0.016504066842162397,3.601682587928789e-4,0.05393963410713547,9519379,432488303000,45432.306926
Switzerland,0.14178060522696,0.305968662956713,2012,11632.346685897694,NA,13632.133026395017,25264.479712292712,0,0.014119585739303199,0.01328047220250269,0,0.048675767724925156,7996861,479280805000,59933.617056
Turkey,0.188340652430227,0.272103488123086,2012,7778.596650936484,NA,2221.127981575491,7778.596650936484,0,0.014173814337852699,NA,NA,0.043850643091262985,75175836,1550688484000,20627.440729
United Kingdom,NA,NA,2012,16692.33255744975,1900.4091978546387,5745.623360760542,24338.36511606493,0,0.0179619211481434,NA,NA,0.06282457810878835,63705030,2453352310000,38511.142147
United States,0.13228813963789,0.38750370509799903,2012,20423.324940761253,3282.320046490983,2856.2506619414708,26561.89564919371,0,NA,NA,NA,0.06422602123345043,313877662,16253970000000,51729.310147
Argentina,NA,NA,2012,NA,NA,NA,NA,1,NA,NA,NA,NA,41733271,819697902000,19641.352863
Brazil,NA,NA,2012,9594.869015538547,NA,859.6879721791283,10454.556987717677,1,0.00931819993789944,NA,NA,0.05586283749574394,198314934,2998534425000,15120.063649
China,NA,NA,2012,NA,NA,NA,NA,1,NA,NA,NA,NA,1384206408,15124539502000,11169.935527
India,NA,NA,2012,NA,NA,NA,NA,1,NA,NA,NA,NA,1265780243,6153155414000,4982.312076
Indonesia,NA,NA,2012,NA,NA,NA,2088.507544709026,1,0.0120353454554885,NA,NA,0.03714217706064624,248451714,2413435226000,9833.689555
Russian Federation,NA,NA,2012,NA,NA,721.4121675512912,8362.601943060885,1,0.016977274922875,0.012248664413628606,0.001649080217440872,0.03981502317255883,143201721,3480301720000,24303.491049
Saudi Arabia,NA,NA,2012,NA,NA,NA,NA,1,NA,NA,NA,NA,29154906,1672470749000,57693.997316
South Africa,NA,NA,2012,NA,NA,NA,10885.279066262123,1,0.01254926823363,NA,NA,0.059635857189278045,52827909,637033795000,12186.131656
Australia,NA,0.6126296126048301,2013,10587.929245504,560.8763941899,7188.0770036884,18336.882643382,0,0.016735307444632,0.01527772062972,0.0014575868149122,0.056087646868755996,23128129,1104642029000,47761.901259
Austria,NA,0.24801015345714,2013,12244.832927749,153.04146827723,4297.162477097,16695.036873124,0,0.017490833651545,0.014683212961054,0.0028076206904915,0.049634815604135005,8477230,406370245000,47936.677963
Belgium,NA,0.41900245471867004,2013,9877.1925377453,361.78722480594,5671.6780977971,15910.657860348,0,0.014048743644056,0.013759562247259001,2.8918139679720003e-4,0.057643763144457,11125033,487343796000,43672.712292
Canada,NA,0.33043423785320003,2013,13790.059896381,1123.9200192889,6543.9171375014,21457.897053172,0,0.025097977954892003,0.016335798394565,0.0087621795603267,0.06068911218188101,35082954,1554122745000,44298.514462
Chile,NA,0.31353375660814,2013,NA,NA,365.55056912422,7642.0336067197,0,0.023492539389199,0.019880521136638,0.0036120182525608002,0.054944718160562005,17611902,394291936000,22352.530726
Czech Republic,NA,0.41159189758484,2013,6644.4220238742,76.779198015189,3710.8318377235,10432.033059613,0,0.013373557125438999,0.013321250528668999,5.23065967704e-5,0.040433740739318005,10510719,324029978000,30828.526409
Denmark,NA,0.51751133113304,2013,NA,NA,9143.509480014,16460.495288458,0,0.017292158077141,NA,NA,0.063718180612707,5608784,262368120000,46742.939663
Estonia,NA,NA,2013,7456.004014077,1.4742380394149,4149.7393890283,11607.217641145,0,0.020289089842939,0.020289089842939,NA,0.051717210496007,1317997,36198154000,27418.689637
Finland,NA,0.46332022518898003,2013,10882.700161244,0,6985.7261998499,17868.426361093,0,0.018090232060825998,0.018090232060825998,NA,0.057345995158966996,5438975,225679983000,41492.918416
France,NA,NA,2013,10216.633791907,859.70529367658,5117.8133997695,16194.152485353,0,0.014690784360509,0.011551168993156,0.0031396153673522997,0.052512301771974995,65735961,2608523504000,39528.473644
Germany,NA,0.27491915160039,2013,9085.0852638056,794.85746443156,7014.6064070145,16894.549135252,0,0.012211129172528,0.012210065651102999,1.0635214251e-6,0.04327251253909101,80645605,3628559337000,44993.667838
Greece,NA,NA,2013,NA,NA,NA,NA,0,NA,NA,NA,NA,10965209,284949076000,25986.57671
Hungary,NA,0.22080145504076998,2013,7107.6906396402,1265.4224521578,1606.6704224886,9979.7835142865,0,0.012836412229634999,0.011866474608843,9.699376207917e-4,0.037984268201575,9893083,242941598000,24556.715269
Iceland,NA,NA,2013,NA,NA,NA,11255.515521437,0,0.013046498236470002,0.01284197880749,2.0451942898040001e-4,0.058853501545553,323763,14378252000,44404.731588
Israel,NA,0.41546487821474004,2013,10841.290716281,50.122271606011,4293.2858272524,15184.69881514,0,0.016568987556817003,0.012763443255725999,0.0038055443010913,0.059299434716606994,8059456.000000001,276637287000,34339.179297
Italy,NA,0.2786501102247,2013,6766.2445764491,404.349033709,4001.0646122701,11171.658222428,0,0.0097033166254633,0.0096907634747988,1.2553150664499999e-5,0.04002758359865,60311616,2187376606999.9998,36267.925352
Japan,NA,0.452723996724,2013,NA,NA,NA,17882.623689857,0,0.015738395056414,0.013369997789068,0.0023683972673466,0.044757133800449996,127413888,5021591104000,39436.682585
Mexico,NA,0.22386061095030002,2013,NA,NA,1639.6156690452,7567.6321714139,0,0.012597530477547001,NA,NA,0.051905300642755996,118453929,2064490947000,17461.798268
Netherlands,NA,0.40927945043144,2013,11856.230422254,0,7090.8215863594,18947.052008614,0,0.01715373496372,0.017099094979899,5.46399838225e-5,0.05521917032104,16804430,827475788000,49242.786711
New Zealand,NA,0.5397203965338899,2013,NA,NA,2935.7067413072,14585.38080484,0,0.017711913041935,0.015224036786259,0.0024878762556763,0.064545928948837,4442100,160992629000,36084.865782
Norway,NA,0.37124547110149997,2013,11683.21688294,173.09653022227,8522.2079387277,20378.52135189,0,0.016061676839062,0.016061676839062,NA,0.062795575163066,5080171,340137933000,66956.285962
Poland,NA,NA,2013,7159.1269432581,207.6457529532,1562.1891984427,8928.9618946541,0,0.01367028601742,0.013599332331615,7.095338459889999e-5,0.047507615751316,38502396,934552984000,24272.842559
Portugal,NA,0.36406608233247,2013,5746.636659526,633.94197681894,4725.4012539644,11105.979890309,0,0.01391737213625,0.01391737213625,NA,0.061157589650156004,10457295,292135199000,27936.006299
Slovak Republic,NA,0.4245971133917,2013,5633.2143521324,1625.0236443077,3062.4805944683,10320.718590908,0,0.010662598460976001,0.010779206634677001,1.058798059297e-4,0.03810174673045,5413392.5,151117280000,27917.45727
Slovenia,NA,0.36890928910661996,2013,9493.7207182153,306.66915478061,2263.3083785021,12063.698251498,0,0.011663065592205,0.010895277584302001,6.453566308104999e-4,0.048282977862288995,2059114,61744434000,29979.618841
Spain,NA,0.17668508443414002,2013,8623.2119716336,567.89412772382,3412.4399625147,12603.546061872,0,0.012808204818903,0.010946889860289,0.0018613149586142,0.043146508389638995,46593236,1512074431000,32452.659676
Sweden,NA,0.25612410035355,2013,10814.475326532,0,12404.734177068,23219.2095036,0,0.01695728865431,0.016589178412529,3.681102417807e-4,0.053984324278424006,9600374,444616544000,46312.293685
Switzerland,NA,0.46279002232925004,2013,NA,NA,14121.454874457,25125.508017142,0,0.012404481839636715,0.012404481839636715,NA,0.05104375891020446,8089346.000000001,503360433000,62225.11235
Turkey,NA,0.26579193016711,2013,NA,NA,2077.0848749252,10637.499048449,0,0.016860539742486,NA,NA,0.050218873832954,76147634,1703669602000,22373.136543
United Kingdom,NA,0.44544062488308,2013,15825.324253207,4894.8224678231,5023.6711869749,25743.817908005,0,0.018394940188837,0.017753110695695,6.418294931427e-4,0.066774619311063,64105654,2579158897000,40232.722312
United States,NA,0.3786963470914,2013,21170.095334363,3678.8968115745,3074.7266024494,27923.718748387,0,0.026427763012599,NA,NA,0.061715056514227,316059947,16843196000000,53241.104196
Argentina,NA,NA,2013,NA,NA,NA,NA,1,0.01076706551466,NA,NA,0.054817094495963004,42202935,849616000000,20131.680421
Brazil,NA,NA,2013,NA,NA,1228.5837307446,13539.901995331,1,0.0088870642351077,NA,NA,0.051805048463723996,200004188,3133893650000,15669.140139
China,NA,0.17359464784108,2013,NA,NA,NA,NA,1,NA,NA,NA,NA,1391883335,16185062522000,11894.484186
India,NA,NA,2013,NA,NA,NA,NA,1,NA,NA,NA,NA,1280842119,6477517562000,5177.871752
Indonesia,NA,0.22567445312461001,2013,2094.456535361,NA,NA,2094.456535361,1,0.0053569571959287,0.0053569571959287,0,0.028105333121079,251805314,2535041373000,10188.331849
Russian Federation,NA,0.06266174961260601,2013,NA,NA,744.65665336383,8482.9767416364,1,0.014087530722201001,0.012466243598324999,0.0016212871238765999,0.037505759234688,143506995,3741783371000,26073.873547
Saudi Arabia,NA,0.21958472764778,2013,NA,NA,NA,NA,1,NA,NA,NA,NA,30052058,1680157970000,56563.34222
South Africa,NA,0.10641257367387,2013,NA,NA,NA,NA,1,NA,NA,NA,NA,53649096,668457699000,12616.606378
Australia,NA,0.60692850954516,2014,10701.447460737,732.61888465022,6603.4460458436,18037.512391231,0,0.018436801269746,0.015818637539765,0.0026181637299816,0.057719447702435,23475686,1117534426000,47603.880878
Austria,NA,0.24640730107403003,2014,12373.009506883,155.37773994352,4405.0135413753,16933.400788202,0,0.017238796571963998,0.014551828433369001,0.0026869681385946,0.048708519876913006,8543932,417059519000,48813.534409
Belgium,NA,0.42077101676812,2014,10360.497188324,386.68130430778,5852.2666921851,16599.445184817,0,0.014287910742991,0.013909794983709001,3.781157592817e-4,0.057558953235646,11179778,503619623000,44929.933328
Canada,NA,0.38285595131424005,2014,13808.169119603,1195.508346083,6322.5965795172,21326.274045203,0,0.025929791511144,0.016645196340143,0.0092845951710005,0.061647704628028,35437435,1621396709000,45753.782936
Chile,NA,0.33523498246078,2014,6495.7255894136,95.667907542377,360.53391555105,6951.9274125071,0,0.020424316548533,0.016978389869492003,0.0034459266790405002,0.052425606954738004,17787617,404667282000,22687.933017
Czech Republic,NA,0.39361588667683,2014,6148.2727186612,76.653692792693,4295.9982380999,10520.924649554,0,0.012278406197845999,0.012227837522401,5.05686754448e-5,0.038735336889982,10524783,342099837000,32504.217576
Denmark,NA,0.5365828082487201,2014,NA,NA,NA,16568.213940867,0,0.016950241707316002,NA,NA,0.06501284096291099,5639719,270330607000.00003,47905.477079
Estonia,NA,NA,2014,8207.0457645225,2.7223108925054,4165.4964537238,12375.264529139,0,0.01909622562727,0.01909622562727,NA,0.049854567079574,1314545,38050086000,28917.833656
Finland,NA,0.4623002236184,2014,10585.661605923,0,7306.8798256969,17892.54143162,0,0.017751434994624,0.017751434994624,NA,0.057191792625859994,5461507,228058636000,41749.864733
France,NA,NA,2014,10474.359288779,836.05165836195,5111.8882653374,16422.299212479,0,0.014823707314701999,0.011671738403075999,0.0031519689116266,0.052797990994241,66276670.99999999,2662032873000,40144.059485
Germany,NA,0.30183320402191,2014,9252.4038980713,795.96318055329,7131.3312620115,17179.698340636,0,0.012301168742742,0.012300279210981,8.89531761e-7,0.042953054351397,80982495,3807114521000,47011.280402
Greece,NA,NA,2014,NA,NA,NA,NA,0,NA,NA,NA,NA,10892415,290011379000,26625.188631
Hungary,NA,0.24735590254338,2014,6433.9647567469,565.91553467285,1688.2128405326,8688.0931319524,0,0.0094566797224121,0.0090927073916835,3.6397233072859995e-4,0.037813375661083,9866466,253565767000,25699.750577
Iceland,NA,0.52070807827688,2014,NA,NA,NA,11434.985355026,0,0.0128524486317,0.012644122246804,2.083263848961e-4,0.059571085826649994,327379,15058764000,45995.001692
Israel,NA,0.43458237138033,2014,8383.7211796982,42.582178175052,4562.8381032279,12989.141461101,0,0.015345608179802,0.013308035831974001,0.0020375723478284,0.058420666072342,8215668.000000001,282342337000,34381.468362
Italy,NA,0.28032885744392,2014,6693.9658416627,419.53961202975,4396.1802458854,11509.685699578,0,0.0096429689047262,0.0096281764250651,1.4792479661100002e-5,0.039735498692653,60320708,2200256409000,36475.976061
Japan,NA,0.45233629749394,2014,NA,NA,NA,18022.21115861,0,0.015354404276821,0.013158733452361,0.0021956708244601,0.044497315492058,127237150,5034454619000,39559.763471
Mexico,NA,0.23019346494092002,2014,NA,NA,1889.2923998323,8948.9195105047,0,0.014360955640596999,NA,NA,0.053636214778286,119936411,2173227412000,18178.397421
Netherlands,NA,0.41873539045731,2014,11947.795640078,NA,7211.172373871,19158.968013949,0,0.017307377339682,0.017266834559508,4.05427801742e-5,0.053760273949124,16865008,830318430000,49233.230349
New Zealand,NA,0.5582778431521099,2014,NA,NA,3024.7551652143,15087.560835233,0,0.018102493765153,0.015732594363556,0.0023698994015971,0.06406554857017299,4516500,168435427000,37084.794142
Norway,NA,0.39092748772009,2014,12843.187561879,215.53828557468,7902.9058374896,20961.631684943,0,0.016733076435419002,0.016369544570683,3.635318647362e-4,0.061832738457555,5137427,338506045000,65895.667611
Poland,NA,NA,2014,7653.9386198386,235.75186129815,1817.9728049125,9707.6632860493,0,0.012862714714035,0.012810379223087,5.23354104685e-5,0.046553868980604006,38483957,968368101000,25162.875509
Portugal,NA,0.35180337370165,2014,6002.0796189664,688.65638481117,5122.0555206101,11812.791524388,0,0.013565069499599,0.013565069499599,NA,0.058194228258202994,10401061.5,298951673000,28742.313125
Slovak Republic,NA,0.39701598122126003,2014,5691.0991776209,1850.8907801091,3748.3971326179,11290.387090348,0,0.010755498324811,0.010623025074843,1.3247324996840001e-4,0.038597156079596,5418649,156759089000,28930.034071
Slovenia,NA,0.38413168542688,2014,9600.097951802,303.64425843191,2163.5556666568,12067.297876891,0,0.011129470555092,0.010646417635865999,4.830529192258e-4,0.046239499822918,2061623,63653392000,30872.72888
Spain,NA,0.26122289971233,2014,8578.3793207087,565.44266703012,3345.0578581735,12488.879845912,0,0.012646282394349,0.010828143969528,0.001818138424821,0.042755926809864994,46455123,1558306999000,33544.352014
Sweden,NA,0.26773495078325,2014,10935.201252037,0,13136.582771246,24071.784023283,0,0.01691658057248,0.016560076863677,3.5650370880309997e-4,0.053720051941499,9696105,457507758000,47184.719403
Switzerland,NA,0.47728351271259,2014,12601.612441594,NA,15228.960867338,27830.573308932,0,0.013145673326745998,0.013145673326745998,NA,0.047024745547085,8188646,524917015000,64103.009758
Turkey,NA,0.31626265092064,2014,6320.1357332512,611.30922390287,1995.7394840133,8927.1844411673,0,0.017514683326217,NA,NA,0.049323036759868,77181894,1860470920000,24104.984583
United Kingdom,NA,0.49914860546954004,2014,13867.926426559,4875.1183159822,5798.5069151125,24541.551657653,0,0.018055279691072,NA,NA,0.066459318807293,64596751.99999999,2686204365000,41584.042063
United States,NA,0.38164294668815996,2014,23014.147520208,3241.7393242345,3072.3484251,29328.235269543,0,0.026795050946416002,NA,NA,0.062292375059965994,318386329,17550687000000,55081.542599
Argentina,NA,0.12616053213007,2014,NA,NA,NA,5085.0529950835,1,0.012423152863992998,NA,NA,0.056148916360526,42669500,839896688000,19683.771502
Brazil,NA,NA,2014,NA,NA,1114.3285386202,11666.285397668,1,0.0083757576737962,NA,NA,0.049239793723183,201717541,3187155079000,15800.088894
China,NA,0.22185145834406,2014,NA,NA,NA,NA,1,NA,NA,NA,NA,1399453966,17121277096000,12517.200433
India,NA,0.31580951134380003,2014,NA,NA,NA,NA,1,NA,NA,NA,NA,1295600768,6781021981000,5352.029977
Indonesia,NA,0.22426786533506998,2014,2561.5880608628,143.94490003515,256.6011011083,2962.1340620062,1,0.0067470904897143,NA,NA,0.034139263280012,255128076,2622251601000,10398.959732
Russian Federation,NA,0.064589281262427,2014,NA,NA,848.07815871622,8808.3462881964,1,0.012559431468825998,0.010784691503457,0.0017747399653688,0.033083784118865,143819657,3763536922000,25761.66151
Saudi Arabia,NA,0.23720979147687,2014,NA,NA,NA,NA,1,NA,NA,NA,NA,30916603,1722861782000,56613.475043
South Africa,NA,0.12032121807466,2014,NA,NA,NA,NA,1,NA,NA,NA,NA,54488424,682954739000,12717.613064
Australia,NA,0.59504308573572,2015,13370.421973061,788.21844803311,6185.5152947861,20344.155715881,0,0.020339663635077998,0.016287701828219,0.0040519618068594,0.059547408441552,23815995,1124892295000,47232.62912
Austria,NA,0.24579923119277003,2015,12962.795578375,175.22882469661,4417.2109584707,17555.235361543,0,0.017415377073832,0.014768424732283,0.0026469523415488,0.048634713796076,8629519,430975924000,49942.056293
Belgium,NA,0.42605897599910003,2015,10654.117905825,973.09213604194,5692.9745708364,17320.184612703,0,0.014735336689934,0.014376068674652,3.5926801528095e-4,0.057434716412447004,11238474,520877807000,46201.685891
Canada,NA,0.39689853288724003,2015,NA,NA,NA,NA,0,0.024476550140315002,0.015280013475908,0.0091965366644076,0.059515730200983,35702908,1594850842000,44670.054374
Chile,NA,0.3605235208236,2015,7960.5555495988,106.0503342213,339.26040434518,8405.8662881652,0,0.025025479111475,0.021481857965347004,0.0035436211461275,0.061396348254445,17971423,407878248000,22603.768381
Czech Republic,NA,0.36632243712367,2015,6287.1219401477,77.902706999116,4525.6893789381,10890.714026085,0,0.011562831789242,0.011510932819939,5.1898969303594e-5,0.038025817401181,10542942,357503881000,33909.309243
Denmark,NA,0.53461919444462,2015,NA,NA,NA,NA,0,NA,NA,NA,NA,5678348,278748365000,49058.142344
Estonia,NA,NA,2015,8401.2909624516,3.0297014964102,4463.1780267765,12867.498690724,0,0.017741809528439,0.017741809528439,NA,0.047333558452973004,1314608,38378235000,29222.748082
Finland,NA,0.49628808674784997,2015,10391.1333720502,0,7200.1022452358,17591.235617286,0,0.01725648814019,0.01725648814019,NA,0.057283149155655,5479528,232867602000,42490.211049
France,NA,NA,2015,9869.7738966371,768.41739215221,5506.5641606084,16144.755449398,0,0.014641495950995,0.011528622855354,0.0031128730956416,0.052070258398910003,66512558,2718495127000,40829.893311
Germany,NA,0.32270190104625,2015,9137.2115095035,880.32225211067,7018.0369783688,17035.570739983,0,0.012237449314588,0.012236683549537,7.657650517286799e-7,0.042201815232632,81686608,3889081896000,47609.557159
Greece,NA,NA,2015,NA,NA,1493.0602456581,4094.5259540027,0,0.0098871315229289,0.0098871315229289,NA,0.038428213451283,10820883,289570644000,26760.152201
Hungary,NA,0.26500930151375,2015,6452.4359413002,615.14761491243,1693.8786309295,8761.4621871421,0,0.008831131420005401,0.0086687099227916,1.6242149721373998e-4,0.037637860670421,9843025,263858068000.00003,26806.595306
Iceland,NA,NA,2015,12670.651776003,0,0,12670.651776003,0,0.012817543807995999,0.012621502859953998,1.9604094804175e-4,0.0582890725607,330818,16276450000,49203.294991
Israel,NA,0.42090683349427005,2015,7068.8412995279,39.952975547944,3894.3840713943,11003.17834647,0,0.014687798296979,0.012348072887446,0.0023397254095335,0.059711168760359,8380148.999999999,297241715000,35482.650947
Italy,NA,0.28471726631023,2015,6945.0939310733,406.44753260108,3905.5322816332,11257.073745308,0,0.009231212207675,0.0092179957869478,1.3216420727228e-5,0.039320108528441,60229599,2240922483000,37206.331822
Japan,NA,0.45479706601467,2015,NA,NA,NA,19289.16196474,0,0.013877861519323,0.011778994932166999,0.0020988665871565,0.040735680163897996,127094745,5199915223000,40908.781547
Mexico,NA,0.23780879777653,2015,NA,NA,1765.7749475498,8169.6572856701,0,0.014148100557233001,NA,NA,0.052717844590747,121347800,2230188940000,18454.801482
Netherlands,NA,0.4424689156833,2015,12106.851842016,NA,7179.3534620876,19286.205304104,0,0.017254599427162,0.017215254278875002,3.934514828724e-5,0.053580707757886994,16939925,851884697000,50288.352815
New Zealand,NA,0.5666617954491899,2015,NA,NA,2958.7770629185,15165.73300466,0,0.017561468421895,0.015062324958255999,0.0024991434636392,0.063038959278195,4609400,172758809000,37246.951138
Norway,NA,0.39211313248415003,2015,12120.315046571,242.9878813504,8609.6654942392,20972.968422161,0,0.017387160477246998,0.016937984732731,4.4917574451590006e-4,0.063743555973372,5189898,313230601000,60352.716908
Poland,NA,NA,2015,7436.9007751633,210.02791102071,2040.4634127452,9687.392098929,0,0.013733195307062001,0.013701942112997,3.1253194065125e-5,0.046050334695109996,38454576,1020392781000,26534.723216
Portugal,NA,0.34650127569696,2015,6868.2528710915,608.47667375836,4289.1665161457,11765.896060996,0,0.012882039949994999,0.012882039949994999,NA,0.052280043283547996,10358076,307230008000,29660.845901
Slovak Republic,NA,0.38017627787754,2015,7989.596483995,1855.48457834,6028.8208565558,15873.901918891,0,0.015747242166544998,0.015615839195691,1.3140297085383e-4,0.044373866664686006,5423800.5,162523467000,29972.9225
Slovenia,NA,0.43031979707402,2015,7755.111773288,320.11077432902,2132.8439794698,10208.066527087,0,0.010356945887348,0.0098715944939505,4.0188534385927e-4,0.04314056552127601,2063076.9999999998,65265909000,31631.838376
Spain,NA,0.31125898515138,2015,8807.0376029773,520.50060964143,3277.6984146134,12605.236627232,0,0.012801250557871,0.010951306391308,0.0018499441665633001,0.04353332506171301,46410149,1621069826000,34929.20969
Sweden,NA,0.26303047770504,2015,11297.491027156,0,13119.952088731,24417.443115888,0,0.016190714215567,0.015844754348954,3.4595986661288997e-4,0.052651948708921,9799183,481170723000,49103.0618
Switzerland,NA,0.47938575409848,2015,NA,NA,14282.081330772,NA,0,NA,NA,NA,NA,8282398.000000001,546805519000,66020.20952
Turkey,NA,0.36345899683238003,2015,6295.8781314456,722.33264415035,1882.4648213548,8900.6755969509,0,0.016529457917503,NA,NA,0.047819516539720996,78218488,2022397778000,25855.912681
United Kingdom,NA,0.44384465408722,2015,18429.315571479,2096.4089532822,5794.3285477981,26320.05307256,0,0.018677846589143,0.018184354406475,4.934921826679299e-4,0.062289286841084,65110034,2794323894000,42916.969653
United States,NA,0.38999115444489,2015,23447.680515748,3369.5154576452,3186.0482115418,30003.244184935,0,0.025762981470958998,NA,NA,0.060903764433748,320738994,18206023000000,56731.074605
Argentina,NA,0.12493605140167001,2015,NA,NA,NA,NA,1,NA,NA,NA,NA,43131966,867176759000,20105.198994
Brazil,NA,NA,2015,NA,NA,NA,14261.2137540076,1,0.0095883672717758,NA,NA,0.050198638296029004,203475683,3014754849000,14816.290598
China,NA,0.26430881432298997,2015,NA,NA,NA,NA,1,NA,NA,NA,NA,1406847868,17796747039000,12946.666743
India,NA,NA,2015,NA,NA,NA,NA,1,NA,NA,NA,NA,1310152392,7155724182000,5577.337632
Indonesia,NA,0.16633554960437,2015,NA,NA,NA,NA,1,NA,NA,NA,NA,255587900,2647706549000,10364.397282
Russian Federation,NA,0.10815701435824,2015,NA,NA,842.44114420592,8369.1053909545,1,0.011481544386991,0.01017968788679,0.0013018565002009,0.030871998718760996,146406004,3526234314000,24085.312853
Saudi Arabia,NA,0.29330568570572,2015,NA,NA,NA,NA,1,NA,NA,NA,NA,31717676,1541832118000,49491.35095
South Africa,NA,0.12026587903198999,2015,NA,NA,NA,NA,1,NA,NA,NA,NA,55319826,695228551000,12772.251817
Australia,NA,0.59767412738884,2016,10030.816,759.96118,5378.7603,16169.537,0,0.019084477,0.016253512,0.0028309643,0.058264322,24190907,1213189412000,50150.652199
Austria,NA,0.25012568421436,2016,13424.488,171.29523,4735.8608,18331.645,0,0.017502042,0.014821244,0.0026807973,0.048932346,8739806,460282647000,52665.087457
Belgium,NA,0.43903480819812996,2016,10838.964,1009.321,6320.5078,18168.793,0,0.014964283,0.014588304000000002,3.759791e-4,0.057701066,11295003,550677566000,48599.202676
Canada,NA,0.37593797908134,2016,15719.765,1187.2676,6793.439,23700.471,0,0.023458957,0.01743026,0.0061005748,0.058762593,36109487,1678093396000,46472.368771
Chile,NA,0.3591661046458,2016,9205.1553,66.146744,497.74857,9769.0508,0,0.027024166,0.02316207,0.0038620954,0.06310982799999999,18167147,426776809000,23349.677001
Czech Republic,NA,0.35298343286345996,2016,6307.3228,81.183968,3620.5146,10009.021,0,0.009498586100000001,0.0094540748,4.45113e-5,0.034616582,10565284,381420335000,36101.285601
Denmark,NA,0.56547883150745,2016,NA,NA,NA,NA,0,NA,NA,NA,NA,5724456,297719060000,51967.020438
Estonia,NA,NA,2016,9236.0088,0.61727971,3672.1199,12908.746,0,0.015431591,0.015431591,NA,0.044471513,1315790,41201029000,31310.152103
Finland,NA,0.48230723310583,2016,10314.022,0,7226.4814,17540.504,0,0.016735313,0.016735313,NA,0.055494981,5495297,246928493000,44934.488245
France,NA,NA,2016,10254.929,775.73187,5142.542,16173.203,0,0.014487644,0.011386056,0.0031015881,0.051766112,66688563,2864105631000,42855.944562
Germany,NA,0.32448210892615004,2016,8865.5791,997.88928,7565.2817,17428.75,0,0.01212256,0.012121831000000001,7.287e-7,0.041669466,82348669,4165169905000,50579.483717
Greece,NA,0.44755926501669,2016,NA,NA,NA,NA,0,NA,NA,NA,NA,10775966,296466614000,27511.777671
Hungary,NA,0.2552325807467,2016,8576.624,964.43103,1746.6152,11287.67,0,0.010733166999999998,0.010439484,2.936828e-4,0.043037650000000004,9814026,274278757999.99997,27947.637585
Iceland,NA,0.50991219730329,2016,NA,NA,NA,14550.76,0,0.01264418,0.012389054,2.551265e-4,0.055760500000000005,335435,17939411000,53486.615773
Israel,NA,0.42435957361233,2016,7008.2026,41.33947,4103.7173,11153.26,0,0.014077213,0.011867840000000001,0.0022093732,0.059502251,8546009,323408139000,37854.845318
Italy,NA,0.29596532140752996,2016,7160.1172,417.01126,4011.7432,11588.871,0,0.0089313716,0.0089067756,2.4595900000000003e-5,0.036331925,60115220,2420672141000,40267.222623
Japan,NA,0.45222467320261006,2016,NA,NA,NA,19190.523,0,0.013848666,0.011709224,0.0021394423,0.040443714,126932772,5158900414000,40642.704531
Mexico,NA,0.28395120834221,2016,NA,NA,1482.5607,7347.3394,0,0.013659053999999999,NA,NA,0.050791727,122715165,2383253082000,19516.145022
Netherlands,NA,0.44496372585574,2016,12516.996,NA,6995.6401,19512.637,0,0.016948487,0.016906082,4.24048e-5,0.052206994,17030314,890488555000,52289.404292
New Zealand,NA,0.54444018011451,2016,NA,NA,3023.7693,14933.351,0,0.017436078,0.015101207,0.0023348704,0.064185347,4714100,188355645000,39719.042939
Norway,NA,0.39889245493917996,2016,13681.294,368.94275,7942.6709,21992.906,0,0.019095602,0.018646377999999998,4.492235e-4,0.064995621,5236152,308522085000,58923.240139
Poland,NA,NA,2016,7222.4053,47.821438,1707.1216,8977.3486,0,0.011858599000000001,0.011851743999999999,6.8554e-6,0.043632816,38426809,1075392661000.0001,27985.340009
Portugal,NA,0.34055944733925997,2016,7956.1636,424.09796,2633.3413,11013.603,0,0.011523015999999999,0.011300909999999999,2.221064e-4,0.050383855000000005,10325451.5,326364379000,31607.610185
Slovak Republic,NA,0.34759673972289,2016,7004.1377,1811.9868,2596.7942,11412.919,0,0.0099983981,0.0098960243,1.023738e-4,0.036954232999999996,5430797.5,160999993000,29645.701303
Slovenia,NA,NA,2016,8606.5986,367.09781,2283.5803,11257.277,0,0.010351984000000002,0.0100346,3.173834e-4,0.042628138,2064241,70079359000,33942.76789
Spain,NA,0.32923066957731,2016,8891.3008,524.69598,3198.1729,12614.17,0,0.012405879,0.010589610000000001,0.0018162691,0.043024054,46449874,1733213640000,37313.634913
Sweden,NA,0.2615065975566,2016,11137.096,0,13203.929,24341.023,0,0.01612274,0.015789613,3.3312710000000004e-4,0.054104263,9923086,500423665000,50430.174559
Switzerland,NA,0.47376264338277996,2016,NA,NA,NA,NA,0,NA,NA,NA,NA,8373334,570267342000,68105.138178
Turkey,NA,0.34092391972443,2016,NA,NA,1893.442,10519.344,0,0.019048768,NA,NA,0.054399920000000004,79277971,2116398302999.9998,26695.909373
United Kingdom,NA,0.4565197374897,2016,16297.482,2107.0996,5366.8892,23771.471,0,0.017487846,0.015863688,0.0016241585999999999,0.061679703,65648054,2928594414000,44610.565649
United States,NA,0.40162628590815996,2016,22473.709,4075.822,3615.5225,30165.053,0,0.0246351,NA,NA,0.059946865999999994,323071755,18695106000000,57846.274282
Argentina,NA,0.13116930723648001,2016,NA,NA,NA,NA,1,NA,NA,NA,NA,43590368,885227529000,20307.870053
Brazil,NA,NA,2016,NA,NA,NA,NA,1,NA,NA,NA,NA,205156587,2939094210000,14326.10209
China,NA,0.30985695664874,2016,NA,NA,NA,NA,1,NA,NA,NA,NA,1414049353,18712097153000,13532.915183
India,NA,0.28394907539631,2016,NA,NA,NA,NA,1,NA,NA,NA,NA,1324517250,7665672881000,5901.21084
Indonesia,NA,0.19279314896351998,2016,NA,NA,NA,NA,1,NA,NA,NA,NA,258496500.00000003,2744896640000,10610.141435
Russian Federation,NA,0.33607257721948997,2016,NA,NA,786.17163,8478.9678,1,0.011493488999999999,0.0097344815,0.0017590074999999999,0.031021334,146674542,3538975300000,24128.081806
Saudi Arabia,NA,NA,2016,NA,NA,NA,NA,1,NA,NA,NA,NA,31787580,1475671786000,46289.737315
South Africa,NA,0.12816905508068,2016,NA,NA,NA,NA,1,NA,NA,NA,NA,56140764,707743902000,12827.603574
Australia,NA,0.33653141021728517,2017,13568.363,745.93018,6121.4556,20435.75,0,0.020105989,0.017636105,0.0024698833,0.059779444,24601860,1247296036000,50699.175108
Austria,NA,0.2614546203613281,2017,13527.591,183.34335,5378.0776,19089.012,0,0.017089035,0.014516428999999999,0.0025726062,0.047724428000000006,8795073,476590588000,54188.360666
Brazil,NA,0.33304386138916015,2017,NA,NA,NA,NA,1,NA,NA,NA,NA,206804741,3018705989000,14596.889676
Canada,NA,0.47889957427978513,2017,NA,NA,NA,24671.09,0,0.023139371,0.017031047,0.0061829192,0.059010967,36545295,1765763154000,48316.716527
Chile,NA,0.15632823944091798,2017,8765.7891,313.13611,530.86914,9609.7949,0,0.027171965,0.023309869,0.0038620955,0.063283222,18419192,451984540000,24402.005375
Estonia,NA,0.3356835556030273,2017,8948.96,668.93048,4962.438,14580.328,0,0.014903599,0.014903599,NA,0.043873825000000005,1317384,44556482000,33867.803542
Finland,NA,0.43280941009521484,2017,9873.5215,0,7856.2041,17729.727,0,0.015664136,0.015664136,NA,0.051939344,5508209,262026563000,47570.270354
France,NA,0.4076146697998047,2017,10831.212,807.21582,5313.105,16951.533,0,0.014548620000000002,0.011445742000000002,0.0031028778000000003,0.052000708,66883314,2983010673000,44445.59677
Iceland,NA,0.35531272888183596,2017,NA,NA,NA,16270.384,0,0.012811452999999999,0.012557973,2.534794e-4,0.058063583999999994,343399,19106258000,55638.491978
Israel,NA,0.600230827331543,2017,8337.6768,43.858391,3928.9263,12310.461,0,0.014789762,0.01250044,0.0022893224,0.062118417,8713268,340875782000,39137.375997
Netherlands,NA,0.27982860565185547,2017,13104.235,NA,7340.8452,20445.08,0,0.016873387,0.016823638999999998,4.97486e-5,0.051669244,17131295,943739619000,55089.58143
New Zealand,NA,0.3453314971923828,2017,NA,NA,3312.5317,16067.971,0,0.017361111,0.015206653,0.0021544584,0.063325413,4813600,203544585000,42074.660571
Norway,NA,0.43523704528808593,2017,13071.599,342.79578,10024.157,23438.551,0,0.019531151,0.019038801,4.923492000000001e-4,0.06633411,5276965,337993785000,64050.366694
Portugal,NA,0.29742544174194335,2017,8713.7471,411.96298,2662.592,11788.302,0,0.011724110999999999,0.011472867,2.512448e-4,0.051653672000000005,10300300,340370325000,33044.70015
Slovenia,NA,0.23788753509521485,2017,NA,NA,2484.8665,12787.103,0,0.010346508999999999,0.009960514299999999,3.859952e-4,0.04235565399999999,2066161.0000000002,75438709000,36517.579273
Sweden,NA,0.41826194763183594,2017,11927.526,0,13656.525,25584.051,0,0.015682677,0.015353963,3.287144e-4,0.054362502,10057695,522476825000,51947.942867
Switzerland,NA,0.3865208053588867,2017,NA,NA,17443.971,NA,0,NA,NA,NA,NA,8451834,584052298000,69103.567686
United Kingdom,NA,0.717917709350586,2017,20636.506,1654.493,5853.0928,28144.092,0,0.019579528,0.018273918,0.0013056093999999998,0.06263125600000001,66040229,3063307239000,46385.63354
United States,NA,0.3849129104614258,2017,24838.588,4314.0791,3910.6831,33063.352,0,0.025835241999999998,NA,NA,0.061338275,325122128,19479623000000,59896.756042
Australia,NA,0.6993156,2018,12804.99,821.7681,7020.363,20647.12,0,0.01881311,0.0171922,0.001620915,0.059037389999999995,24982688,1321782233000,52907.901588
Austria,NA,0.4159391,2018,NA,NA,5471.767,20452.26,0,0.01734839,0.01485866,0.002489734,0.046907620000000004,8837707,504436213000,57077.725327
Belgium,NA,0.37310859999999996,2018,12460.96,902.8652,7106.938,20470.76,0,0.015174859999999998,0.014840230000000001,3.34628e-4,0.05644205,11403740,601332098000,52623.794383
Canada,NA,NA,2018,NA,NA,NA,24495.75,0,0.02326779,0.01686498,0.006481509,0.05865973,37065178,1862154108000,50239.988278
Chile,NA,0.44417,2018,8139.644,257.4095,415.7731,8812.826,0,0.0238109,0.020117859999999998,0.003693038,0.0657214,18751405,463368859000,24686.142367
Czech Republic,NA,0.3203866,2018,10526.07,99.47785,5522.025,16147.57,0,0.01193145,0.011879269999999999,5.2178e-5,0.04099013,10626430,437252426000,41147.631528
Denmark,NA,0.49555459999999996,2018,10536.43,4.069476,9143.741,19684.24,0,0.01717123,0.01526403,0.0019071949999999998,0.051504219999999996,5789957,332882716000,57453.005832
Estonia,NA,0.3199954,2018,9733.906,929.3188,6769.297,17432.52,0,0.01616957,0.01616957,NA,0.047194589999999995,1321977,47801151000,36236.794279
Finland,NA,0.41055410000000003,2018,9936.142,0,8234.119,18170.26,0,0.01533941,0.01533941,NA,0.05142745,5515525,274158014000.00003,49700.52107
France,NA,NA,2018,11284.62,805.3223,5330.269,17420.21,0,0.01469679,0.01161464,0.0030821539999999997,0.051794849999999996,67068133,3128336847000,46419.314271
Germany,NA,0.3341986,2018,9739.289,1053.609,8530.75,19323.65,0,0.01241732,0.0124166,7.16e-7,0.042501119999999996,82905788,4571615756000,55142.158063
Greece,NA,0.38129759999999996,2018,NA,NA,1400.287,3503.162,0,0.008610293,0.008610293,NA,0.03717172,10732877,318261341000,29652.89144
Hungary,NA,0.2501912,2018,10754.14,866.559,2116.886,13737.58,0,0.0106907,0.01052593,1.6477499999999998e-4,0.03838589,9775566,311477646000,31862.882417
Iceland,NA,0.35380659999999997,2018,NA,NA,NA,15675.46,0,0.01181005,0.011435029999999999,3.7502e-4,0.05756846,352722,20569786000,58320.911643
Israel,NA,NA,2018,8377.513,38.83049,3919.905,12336.25,0,0.01409172,0.01184309,0.002248631,0.062431650000000005,8882764,361441284000,40698.264187
Italy,NA,0.3459509,2018,7684.095,497.8015,4123.222,12305.12,0,0.009025608000000001,0.008992221,3.3387e-5,0.04097569,59877216,2605347639000,43511.514215
Japan,NA,0.7095811000000001,2018,NA,NA,NA,19309.18,0,0.01381229,0.01173824,0.002074049,0.03962291,126443180,5363113046000,42415.262579
Mexico,NA,0.2844782,2018,NA,NA,896.6316,7907.089,0,0.01425821,NA,NA,0.04642822,125327797,2556475190000,20519.57785
Netherlands,NA,0.4521383,2018,13516.97,NA,7381.311,20898.28,0,0.01675509,0.016675640000000002,7.944700000000001e-5,0.051569710000000005,17231622,997729784000,57899.824961
New Zealand,NA,0.5177328,2018,NA,NA,3523.067,17923.29,0,0.01709438,0.0154289,0.0016654810000000001,0.061647879999999995,4900600,215287748000,43738.114648
Norway,NA,0.4410657,2018,15968.18,81.68256,9378.079,25427.95,0,0.01960702,0.019098900000000002,5.081220000000001e-4,0.06619115,5311916,370296235000,69709.381608
Poland,NA,NA,2018,8081.94,261.3729,2848.507,11191.82,0,0.01195564,0.011950579999999999,5.0580000000000005e-6,0.04407162,38413139,1214376603000,31613.688164
Portugal,NA,0.442758,2018,8422.829,435.9332,2920.515,11779.28,0,0.011438740000000001,0.011191169999999999,2.47569e-4,0.049602709999999994,10283822,359232261000,34931.85988
Slovak Republic,NA,0.31069389999999997,2018,7455.331,2068.687,2589.338,12113.36,0,0.009268459,0.009149296,1.19163e-4,0.03688111,5446770.5,171741587000,31535.3008
Slovenia,NA,0.458658,2018,NA,NA,3050.35,14060.44,0,0.010309839999999999,0.009898444,4.11395e-4,0.04206381000000001,2070050.0000000002,80709873000,38953.468586
Spain,NA,0.5484536,2018,9718.297,643.5898,3438.551,13800.44,0,0.01264119,0.010749,0.0018921850000000002,0.04284289,46728814,1904060525000,40747.03298
Sweden,NA,0.28103459999999997,2018,12127.27,0,14020.03,26147.3,0,0.01563825,0.01528227,3.55972e-4,0.05541844,10175215,544916383999.99994,53553.312077
Switzerland,NA,0.38694229999999996,2018,NA,NA,17530.32,NA,0,NA,NA,NA,NA,8514327,610234706000,71671.505477
Turkey,NA,0.5055324999999999,2018,8037.437,138.9591,1831.709,10008.1,0,0.01698769,NA,NA,0.05070236,81407211,2301106178000,28266.686871
United Kingdom,NA,0.4760016,2018,22082.68,1726.465,6102.176,29911.32,0,0.020287239999999998,0.018847700000000002,0.001439541,0.061430610000000004,66435550.00000001,3181006985000,47880.772251
United States,NA,NA,2018,25533.78,4435.338,4066.422,34035.54,0,0.02523093,NA,NA,0.060217309999999996,326838199,20527159000000,62783.978541
Argentina,NA,NA,2018,NA,NA,NA,NA,1,NA,NA,NA,NA,44494502,1036982075000,23305.847425
Brazil,NA,NA,2018,NA,NA,NA,NA,1,NA,NA,NA,NA,208494900,3146320981000,15090.63762
China,NA,NA,2018,NA,NA,NA,NA,1,NA,NA,NA,NA,1427647789,21739076019000,NA
Indonesia,NA,NA,2018,NA,NA,NA,NA,1,NA,NA,NA,NA,264161600.00000003,3116958911000,NA
Russian Federation,NA,NA,2018,NA,NA,948.0637,9024.109,1,0.009988661,0.008587351,0.001327471,0.03364509,146830572,4211362883999.9995,28681.779438
Saudi Arabia,NA,NA,2018,NA,NA,NA,NA,1,NA,NA,NA,NA,33413660,1642519382000,49157.12264
South Africa,NA,NA,2018,NA,NA,NA,NA,1,NA,NA,NA,NA,57859351,747322178000,13198.249784
